,term_reason,last_gen,run,initial_percent_alive,alive_cells,gen
0,dead,1,0,0.05,2,0
1,dead,1,0,0.05,0,1
2,dead,1,1,0.05,1,0
3,dead,1,1,0.05,0,1
4,dead,1,2,0.05,4,0
5,dead,1,2,0.05,0,1
6,dead,1,0,0.1,1,0
7,dead,1,0,0.1,0,1
8,dead,1,1,0.1,3,0
9,dead,1,1,0.1,0,1
10,dead,1,2,0.1,3,0
11,dead,1,2,0.1,0,1
12,dead,2,0,0.15,6,0
13,dead,2,0,0.15,2,1
14,dead,2,0,0.15,0,2
15,dead,5,1,0.15,5,0
16,dead,5,1,0.15,6,1
17,dead,5,1,0.15,5,2
18,dead,5,1,0.15,3,3
19,dead,5,1,0.15,2,4
20,dead,5,1,0.15,0,5
21,dead,2,2,0.15,4,0
22,dead,2,2,0.15,2,1
23,dead,2,2,0.15,0,2
24,steady,8,0,0.2,7,0
25,steady,8,0,0.2,5,1
26,steady,8,0,0.2,7,2
27,steady,8,0,0.2,6,3
28,steady,8,0,0.2,5,4
29,steady,8,0,0.2,6,5
30,steady,8,0,0.2,6,6
31,steady,8,0,0.2,6,7
32,steady,8,0,0.2,6,8
33,dead,1,1,0.2,0,0
34,dead,1,1,0.2,0,1
35,dead,4,2,0.2,5,0
36,dead,4,2,0.2,5,1
37,dead,4,2,0.2,3,2
38,dead,4,2,0.2,2,3
39,dead,4,2,0.2,0,4
40,dead,4,0,0.25,7,0
41,dead,4,0,0.25,11,1
42,dead,4,0,0.25,7,2
43,dead,4,0,0.25,4,3
44,dead,4,0,0.25,0,4
45,dead,5,1,0.25,5,0
46,dead,5,1,0.25,5,1
47,dead,5,1,0.25,5,2
48,dead,5,1,0.25,3,3
49,dead,5,1,0.25,2,4
50,dead,5,1,0.25,0,5
51,dead,2,2,0.25,5,0
52,dead,2,2,0.25,2,1
53,dead,2,2,0.25,0,2
54,steady,4,0,0.3,7,0
55,steady,4,0,0.3,8,1
56,steady,4,0,0.3,8,2
57,steady,4,0,0.3,8,3
58,steady,4,0,0.3,8,4
59,dead,2,1,0.3,5,0
60,dead,2,1,0.3,2,1
61,dead,2,1,0.3,0,2
62,dead,1,2,0.3,3,0
63,dead,1,2,0.3,0,1
64,steady,9,0,0.35,13,0
65,steady,9,0,0.35,10,1
66,steady,9,0,0.35,5,2
67,steady,9,0,0.35,8,3
68,steady,9,0,0.35,6,4
69,steady,9,0,0.35,5,5
70,steady,9,0,0.35,7,6
71,steady,9,0,0.35,7,7
72,steady,9,0,0.35,7,8
73,steady,9,0,0.35,7,9
74,steady,12,1,0.35,11,0
75,steady,12,1,0.35,8,1
76,steady,12,1,0.35,9,2
77,steady,12,1,0.35,6,3
78,steady,12,1,0.35,4,4
79,steady,12,1,0.35,4,5
80,steady,12,1,0.35,7,6
81,steady,12,1,0.35,6,7
82,steady,12,1,0.35,5,8
83,steady,12,1,0.35,6,9
84,steady,12,1,0.35,6,10
85,steady,12,1,0.35,6,11
86,steady,12,1,0.35,6,12
87,dead,4,2,0.35,8,0
88,dead,4,2,0.35,5,1
89,dead,4,2,0.35,3,2
90,dead,4,2,0.35,1,3
91,dead,4,2,0.35,0,4
92,dead,17,0,0.4,7,0
93,dead,17,0,0.4,7,1
94,dead,17,0,0.4,5,2
95,dead,17,0,0.4,4,3
96,dead,17,0,0.4,4,4
97,dead,17,0,0.4,7,5
98,dead,17,0,0.4,6,6
99,dead,17,0,0.4,6,7
100,dead,17,0,0.4,8,8
101,dead,17,0,0.4,7,9
102,dead,17,0,0.4,8,10
103,dead,17,0,0.4,9,11
104,dead,17,0,0.4,10,12
105,dead,17,0,0.4,12,13
106,dead,17,0,0.4,10,14
107,dead,17,0,0.4,10,15
108,dead,17,0,0.4,8,16
109,dead,17,0,0.4,0,17
110,steady,6,1,0.4,13,0
111,steady,6,1,0.4,17,1
112,steady,6,1,0.4,8,2
113,steady,6,1,0.4,3,3
114,steady,6,1,0.4,4,4
115,steady,6,1,0.4,4,5
116,steady,6,1,0.4,4,6
117,dead,3,2,0.4,10,0
118,dead,3,2,0.4,5,1
119,dead,3,2,0.4,2,2
120,dead,3,2,0.4,0,3
121,dead,5,0,0.45,13,0
122,dead,5,0,0.45,10,1
123,dead,5,0,0.45,10,2
124,dead,5,0,0.45,12,3
125,dead,5,0,0.45,5,4
126,dead,5,0,0.45,0,5
127,steady,5,1,0.45,8,0
128,steady,5,1,0.45,5,1
129,steady,5,1,0.45,6,2
130,steady,5,1,0.45,6,3
131,steady,5,1,0.45,6,4
132,steady,5,1,0.45,6,5
133,dead,3,2,0.45,12,0
134,dead,3,2,0.45,7,1
135,dead,3,2,0.45,3,2
136,dead,3,2,0.45,0,3
137,steady,7,0,0.5,11,0
138,steady,7,0,0.5,13,1
139,steady,7,0,0.5,11,2
140,steady,7,0,0.5,16,3
141,steady,7,0,0.5,7,4
142,steady,7,0,0.5,4,5
143,steady,7,0,0.5,4,6
144,steady,7,0,0.5,4,7
145,dead,6,1,0.5,17,0
146,dead,6,1,0.5,7,1
147,dead,6,1,0.5,6,2
148,dead,6,1,0.5,5,3
149,dead,6,1,0.5,3,4
150,dead,6,1,0.5,2,5
151,dead,6,1,0.5,0,6
152,dead,10,2,0.5,13,0
153,dead,10,2,0.5,11,1
154,dead,10,2,0.5,11,2
155,dead,10,2,0.5,11,3
156,dead,10,2,0.5,13,4
157,dead,10,2,0.5,10,5
158,dead,10,2,0.5,15,6
159,dead,10,2,0.5,10,7
160,dead,10,2,0.5,12,8
161,dead,10,2,0.5,8,9
162,dead,10,2,0.5,0,10
163,steady,6,0,0.55,11,0
164,steady,6,0,0.55,10,1
165,steady,6,0,0.55,10,2
166,steady,6,0,0.55,9,3
167,steady,6,0,0.55,7,4
168,steady,6,0,0.55,7,5
169,steady,6,0,0.55,7,6
170,dead,5,1,0.55,15,0
171,dead,5,1,0.55,11,1
172,dead,5,1,0.55,12,2
173,dead,5,1,0.55,6,3
174,dead,5,1,0.55,4,4
175,dead,5,1,0.55,0,5
176,steady,7,2,0.55,14,0
177,steady,7,2,0.55,11,1
178,steady,7,2,0.55,9,2
179,steady,7,2,0.55,8,3
180,steady,7,2,0.55,7,4
181,steady,7,2,0.55,7,5
182,steady,7,2,0.55,7,6
183,steady,7,2,0.55,7,7
184,dead,4,0,0.6,17,0
185,dead,4,0,0.6,10,1
186,dead,4,0,0.6,7,2
187,dead,4,0,0.6,4,3
188,dead,4,0,0.6,0,4
189,dead,5,1,0.6,13,0
190,dead,5,1,0.6,16,1
191,dead,5,1,0.6,11,2
192,dead,5,1,0.6,11,3
193,dead,5,1,0.6,5,4
194,dead,5,1,0.6,0,5
195,steady,8,2,0.6,17,0
196,steady,8,2,0.6,8,1
197,steady,8,2,0.6,5,2
198,steady,8,2,0.6,5,3
199,steady,8,2,0.6,5,4
200,steady,8,2,0.6,7,5
201,steady,8,2,0.6,7,6
202,steady,8,2,0.6,7,7
203,steady,8,2,0.6,7,8
204,dead,8,0,0.65,12,0
205,dead,8,0,0.65,14,1
206,dead,8,0,0.65,11,2
207,dead,8,0,0.65,8,3
208,dead,8,0,0.65,7,4
209,dead,8,0,0.65,5,5
210,dead,8,0,0.65,3,6
211,dead,8,0,0.65,2,7
212,dead,8,0,0.65,0,8
213,max,1000,1,0.65,17,0
214,max,1000,1,0.65,10,1
215,max,1000,1,0.65,11,2
216,max,1000,1,0.65,7,3
217,max,1000,1,0.65,3,4
218,max,1000,1,0.65,3,5
219,max,1000,1,0.65,3,6
220,max,1000,1,0.65,3,7
221,max,1000,1,0.65,3,8
222,max,1000,1,0.65,3,9
223,max,1000,1,0.65,3,10
224,max,1000,1,0.65,3,11
225,max,1000,1,0.65,3,12
226,max,1000,1,0.65,3,13
227,max,1000,1,0.65,3,14
228,max,1000,1,0.65,3,15
229,max,1000,1,0.65,3,16
230,max,1000,1,0.65,3,17
231,max,1000,1,0.65,3,18
232,max,1000,1,0.65,3,19
233,max,1000,1,0.65,3,20
234,max,1000,1,0.65,3,21
235,max,1000,1,0.65,3,22
236,max,1000,1,0.65,3,23
237,max,1000,1,0.65,3,24
238,max,1000,1,0.65,3,25
239,max,1000,1,0.65,3,26
240,max,1000,1,0.65,3,27
241,max,1000,1,0.65,3,28
242,max,1000,1,0.65,3,29
243,max,1000,1,0.65,3,30
244,max,1000,1,0.65,3,31
245,max,1000,1,0.65,3,32
246,max,1000,1,0.65,3,33
247,max,1000,1,0.65,3,34
248,max,1000,1,0.65,3,35
249,max,1000,1,0.65,3,36
250,max,1000,1,0.65,3,37
251,max,1000,1,0.65,3,38
252,max,1000,1,0.65,3,39
253,max,1000,1,0.65,3,40
254,max,1000,1,0.65,3,41
255,max,1000,1,0.65,3,42
256,max,1000,1,0.65,3,43
257,max,1000,1,0.65,3,44
258,max,1000,1,0.65,3,45
259,max,1000,1,0.65,3,46
260,max,1000,1,0.65,3,47
261,max,1000,1,0.65,3,48
262,max,1000,1,0.65,3,49
263,max,1000,1,0.65,3,50
264,max,1000,1,0.65,3,51
265,max,1000,1,0.65,3,52
266,max,1000,1,0.65,3,53
267,max,1000,1,0.65,3,54
268,max,1000,1,0.65,3,55
269,max,1000,1,0.65,3,56
270,max,1000,1,0.65,3,57
271,max,1000,1,0.65,3,58
272,max,1000,1,0.65,3,59
273,max,1000,1,0.65,3,60
274,max,1000,1,0.65,3,61
275,max,1000,1,0.65,3,62
276,max,1000,1,0.65,3,63
277,max,1000,1,0.65,3,64
278,max,1000,1,0.65,3,65
279,max,1000,1,0.65,3,66
280,max,1000,1,0.65,3,67
281,max,1000,1,0.65,3,68
282,max,1000,1,0.65,3,69
283,max,1000,1,0.65,3,70
284,max,1000,1,0.65,3,71
285,max,1000,1,0.65,3,72
286,max,1000,1,0.65,3,73
287,max,1000,1,0.65,3,74
288,max,1000,1,0.65,3,75
289,max,1000,1,0.65,3,76
290,max,1000,1,0.65,3,77
291,max,1000,1,0.65,3,78
292,max,1000,1,0.65,3,79
293,max,1000,1,0.65,3,80
294,max,1000,1,0.65,3,81
295,max,1000,1,0.65,3,82
296,max,1000,1,0.65,3,83
297,max,1000,1,0.65,3,84
298,max,1000,1,0.65,3,85
299,max,1000,1,0.65,3,86
300,max,1000,1,0.65,3,87
301,max,1000,1,0.65,3,88
302,max,1000,1,0.65,3,89
303,max,1000,1,0.65,3,90
304,max,1000,1,0.65,3,91
305,max,1000,1,0.65,3,92
306,max,1000,1,0.65,3,93
307,max,1000,1,0.65,3,94
308,max,1000,1,0.65,3,95
309,max,1000,1,0.65,3,96
310,max,1000,1,0.65,3,97
311,max,1000,1,0.65,3,98
312,max,1000,1,0.65,3,99
313,max,1000,1,0.65,3,100
314,max,1000,1,0.65,3,101
315,max,1000,1,0.65,3,102
316,max,1000,1,0.65,3,103
317,max,1000,1,0.65,3,104
318,max,1000,1,0.65,3,105
319,max,1000,1,0.65,3,106
320,max,1000,1,0.65,3,107
321,max,1000,1,0.65,3,108
322,max,1000,1,0.65,3,109
323,max,1000,1,0.65,3,110
324,max,1000,1,0.65,3,111
325,max,1000,1,0.65,3,112
326,max,1000,1,0.65,3,113
327,max,1000,1,0.65,3,114
328,max,1000,1,0.65,3,115
329,max,1000,1,0.65,3,116
330,max,1000,1,0.65,3,117
331,max,1000,1,0.65,3,118
332,max,1000,1,0.65,3,119
333,max,1000,1,0.65,3,120
334,max,1000,1,0.65,3,121
335,max,1000,1,0.65,3,122
336,max,1000,1,0.65,3,123
337,max,1000,1,0.65,3,124
338,max,1000,1,0.65,3,125
339,max,1000,1,0.65,3,126
340,max,1000,1,0.65,3,127
341,max,1000,1,0.65,3,128
342,max,1000,1,0.65,3,129
343,max,1000,1,0.65,3,130
344,max,1000,1,0.65,3,131
345,max,1000,1,0.65,3,132
346,max,1000,1,0.65,3,133
347,max,1000,1,0.65,3,134
348,max,1000,1,0.65,3,135
349,max,1000,1,0.65,3,136
350,max,1000,1,0.65,3,137
351,max,1000,1,0.65,3,138
352,max,1000,1,0.65,3,139
353,max,1000,1,0.65,3,140
354,max,1000,1,0.65,3,141
355,max,1000,1,0.65,3,142
356,max,1000,1,0.65,3,143
357,max,1000,1,0.65,3,144
358,max,1000,1,0.65,3,145
359,max,1000,1,0.65,3,146
360,max,1000,1,0.65,3,147
361,max,1000,1,0.65,3,148
362,max,1000,1,0.65,3,149
363,max,1000,1,0.65,3,150
364,max,1000,1,0.65,3,151
365,max,1000,1,0.65,3,152
366,max,1000,1,0.65,3,153
367,max,1000,1,0.65,3,154
368,max,1000,1,0.65,3,155
369,max,1000,1,0.65,3,156
370,max,1000,1,0.65,3,157
371,max,1000,1,0.65,3,158
372,max,1000,1,0.65,3,159
373,max,1000,1,0.65,3,160
374,max,1000,1,0.65,3,161
375,max,1000,1,0.65,3,162
376,max,1000,1,0.65,3,163
377,max,1000,1,0.65,3,164
378,max,1000,1,0.65,3,165
379,max,1000,1,0.65,3,166
380,max,1000,1,0.65,3,167
381,max,1000,1,0.65,3,168
382,max,1000,1,0.65,3,169
383,max,1000,1,0.65,3,170
384,max,1000,1,0.65,3,171
385,max,1000,1,0.65,3,172
386,max,1000,1,0.65,3,173
387,max,1000,1,0.65,3,174
388,max,1000,1,0.65,3,175
389,max,1000,1,0.65,3,176
390,max,1000,1,0.65,3,177
391,max,1000,1,0.65,3,178
392,max,1000,1,0.65,3,179
393,max,1000,1,0.65,3,180
394,max,1000,1,0.65,3,181
395,max,1000,1,0.65,3,182
396,max,1000,1,0.65,3,183
397,max,1000,1,0.65,3,184
398,max,1000,1,0.65,3,185
399,max,1000,1,0.65,3,186
400,max,1000,1,0.65,3,187
401,max,1000,1,0.65,3,188
402,max,1000,1,0.65,3,189
403,max,1000,1,0.65,3,190
404,max,1000,1,0.65,3,191
405,max,1000,1,0.65,3,192
406,max,1000,1,0.65,3,193
407,max,1000,1,0.65,3,194
408,max,1000,1,0.65,3,195
409,max,1000,1,0.65,3,196
410,max,1000,1,0.65,3,197
411,max,1000,1,0.65,3,198
412,max,1000,1,0.65,3,199
413,max,1000,1,0.65,3,200
414,max,1000,1,0.65,3,201
415,max,1000,1,0.65,3,202
416,max,1000,1,0.65,3,203
417,max,1000,1,0.65,3,204
418,max,1000,1,0.65,3,205
419,max,1000,1,0.65,3,206
420,max,1000,1,0.65,3,207
421,max,1000,1,0.65,3,208
422,max,1000,1,0.65,3,209
423,max,1000,1,0.65,3,210
424,max,1000,1,0.65,3,211
425,max,1000,1,0.65,3,212
426,max,1000,1,0.65,3,213
427,max,1000,1,0.65,3,214
428,max,1000,1,0.65,3,215
429,max,1000,1,0.65,3,216
430,max,1000,1,0.65,3,217
431,max,1000,1,0.65,3,218
432,max,1000,1,0.65,3,219
433,max,1000,1,0.65,3,220
434,max,1000,1,0.65,3,221
435,max,1000,1,0.65,3,222
436,max,1000,1,0.65,3,223
437,max,1000,1,0.65,3,224
438,max,1000,1,0.65,3,225
439,max,1000,1,0.65,3,226
440,max,1000,1,0.65,3,227
441,max,1000,1,0.65,3,228
442,max,1000,1,0.65,3,229
443,max,1000,1,0.65,3,230
444,max,1000,1,0.65,3,231
445,max,1000,1,0.65,3,232
446,max,1000,1,0.65,3,233
447,max,1000,1,0.65,3,234
448,max,1000,1,0.65,3,235
449,max,1000,1,0.65,3,236
450,max,1000,1,0.65,3,237
451,max,1000,1,0.65,3,238
452,max,1000,1,0.65,3,239
453,max,1000,1,0.65,3,240
454,max,1000,1,0.65,3,241
455,max,1000,1,0.65,3,242
456,max,1000,1,0.65,3,243
457,max,1000,1,0.65,3,244
458,max,1000,1,0.65,3,245
459,max,1000,1,0.65,3,246
460,max,1000,1,0.65,3,247
461,max,1000,1,0.65,3,248
462,max,1000,1,0.65,3,249
463,max,1000,1,0.65,3,250
464,max,1000,1,0.65,3,251
465,max,1000,1,0.65,3,252
466,max,1000,1,0.65,3,253
467,max,1000,1,0.65,3,254
468,max,1000,1,0.65,3,255
469,max,1000,1,0.65,3,256
470,max,1000,1,0.65,3,257
471,max,1000,1,0.65,3,258
472,max,1000,1,0.65,3,259
473,max,1000,1,0.65,3,260
474,max,1000,1,0.65,3,261
475,max,1000,1,0.65,3,262
476,max,1000,1,0.65,3,263
477,max,1000,1,0.65,3,264
478,max,1000,1,0.65,3,265
479,max,1000,1,0.65,3,266
480,max,1000,1,0.65,3,267
481,max,1000,1,0.65,3,268
482,max,1000,1,0.65,3,269
483,max,1000,1,0.65,3,270
484,max,1000,1,0.65,3,271
485,max,1000,1,0.65,3,272
486,max,1000,1,0.65,3,273
487,max,1000,1,0.65,3,274
488,max,1000,1,0.65,3,275
489,max,1000,1,0.65,3,276
490,max,1000,1,0.65,3,277
491,max,1000,1,0.65,3,278
492,max,1000,1,0.65,3,279
493,max,1000,1,0.65,3,280
494,max,1000,1,0.65,3,281
495,max,1000,1,0.65,3,282
496,max,1000,1,0.65,3,283
497,max,1000,1,0.65,3,284
498,max,1000,1,0.65,3,285
499,max,1000,1,0.65,3,286
500,max,1000,1,0.65,3,287
501,max,1000,1,0.65,3,288
502,max,1000,1,0.65,3,289
503,max,1000,1,0.65,3,290
504,max,1000,1,0.65,3,291
505,max,1000,1,0.65,3,292
506,max,1000,1,0.65,3,293
507,max,1000,1,0.65,3,294
508,max,1000,1,0.65,3,295
509,max,1000,1,0.65,3,296
510,max,1000,1,0.65,3,297
511,max,1000,1,0.65,3,298
512,max,1000,1,0.65,3,299
513,max,1000,1,0.65,3,300
514,max,1000,1,0.65,3,301
515,max,1000,1,0.65,3,302
516,max,1000,1,0.65,3,303
517,max,1000,1,0.65,3,304
518,max,1000,1,0.65,3,305
519,max,1000,1,0.65,3,306
520,max,1000,1,0.65,3,307
521,max,1000,1,0.65,3,308
522,max,1000,1,0.65,3,309
523,max,1000,1,0.65,3,310
524,max,1000,1,0.65,3,311
525,max,1000,1,0.65,3,312
526,max,1000,1,0.65,3,313
527,max,1000,1,0.65,3,314
528,max,1000,1,0.65,3,315
529,max,1000,1,0.65,3,316
530,max,1000,1,0.65,3,317
531,max,1000,1,0.65,3,318
532,max,1000,1,0.65,3,319
533,max,1000,1,0.65,3,320
534,max,1000,1,0.65,3,321
535,max,1000,1,0.65,3,322
536,max,1000,1,0.65,3,323
537,max,1000,1,0.65,3,324
538,max,1000,1,0.65,3,325
539,max,1000,1,0.65,3,326
540,max,1000,1,0.65,3,327
541,max,1000,1,0.65,3,328
542,max,1000,1,0.65,3,329
543,max,1000,1,0.65,3,330
544,max,1000,1,0.65,3,331
545,max,1000,1,0.65,3,332
546,max,1000,1,0.65,3,333
547,max,1000,1,0.65,3,334
548,max,1000,1,0.65,3,335
549,max,1000,1,0.65,3,336
550,max,1000,1,0.65,3,337
551,max,1000,1,0.65,3,338
552,max,1000,1,0.65,3,339
553,max,1000,1,0.65,3,340
554,max,1000,1,0.65,3,341
555,max,1000,1,0.65,3,342
556,max,1000,1,0.65,3,343
557,max,1000,1,0.65,3,344
558,max,1000,1,0.65,3,345
559,max,1000,1,0.65,3,346
560,max,1000,1,0.65,3,347
561,max,1000,1,0.65,3,348
562,max,1000,1,0.65,3,349
563,max,1000,1,0.65,3,350
564,max,1000,1,0.65,3,351
565,max,1000,1,0.65,3,352
566,max,1000,1,0.65,3,353
567,max,1000,1,0.65,3,354
568,max,1000,1,0.65,3,355
569,max,1000,1,0.65,3,356
570,max,1000,1,0.65,3,357
571,max,1000,1,0.65,3,358
572,max,1000,1,0.65,3,359
573,max,1000,1,0.65,3,360
574,max,1000,1,0.65,3,361
575,max,1000,1,0.65,3,362
576,max,1000,1,0.65,3,363
577,max,1000,1,0.65,3,364
578,max,1000,1,0.65,3,365
579,max,1000,1,0.65,3,366
580,max,1000,1,0.65,3,367
581,max,1000,1,0.65,3,368
582,max,1000,1,0.65,3,369
583,max,1000,1,0.65,3,370
584,max,1000,1,0.65,3,371
585,max,1000,1,0.65,3,372
586,max,1000,1,0.65,3,373
587,max,1000,1,0.65,3,374
588,max,1000,1,0.65,3,375
589,max,1000,1,0.65,3,376
590,max,1000,1,0.65,3,377
591,max,1000,1,0.65,3,378
592,max,1000,1,0.65,3,379
593,max,1000,1,0.65,3,380
594,max,1000,1,0.65,3,381
595,max,1000,1,0.65,3,382
596,max,1000,1,0.65,3,383
597,max,1000,1,0.65,3,384
598,max,1000,1,0.65,3,385
599,max,1000,1,0.65,3,386
600,max,1000,1,0.65,3,387
601,max,1000,1,0.65,3,388
602,max,1000,1,0.65,3,389
603,max,1000,1,0.65,3,390
604,max,1000,1,0.65,3,391
605,max,1000,1,0.65,3,392
606,max,1000,1,0.65,3,393
607,max,1000,1,0.65,3,394
608,max,1000,1,0.65,3,395
609,max,1000,1,0.65,3,396
610,max,1000,1,0.65,3,397
611,max,1000,1,0.65,3,398
612,max,1000,1,0.65,3,399
613,max,1000,1,0.65,3,400
614,max,1000,1,0.65,3,401
615,max,1000,1,0.65,3,402
616,max,1000,1,0.65,3,403
617,max,1000,1,0.65,3,404
618,max,1000,1,0.65,3,405
619,max,1000,1,0.65,3,406
620,max,1000,1,0.65,3,407
621,max,1000,1,0.65,3,408
622,max,1000,1,0.65,3,409
623,max,1000,1,0.65,3,410
624,max,1000,1,0.65,3,411
625,max,1000,1,0.65,3,412
626,max,1000,1,0.65,3,413
627,max,1000,1,0.65,3,414
628,max,1000,1,0.65,3,415
629,max,1000,1,0.65,3,416
630,max,1000,1,0.65,3,417
631,max,1000,1,0.65,3,418
632,max,1000,1,0.65,3,419
633,max,1000,1,0.65,3,420
634,max,1000,1,0.65,3,421
635,max,1000,1,0.65,3,422
636,max,1000,1,0.65,3,423
637,max,1000,1,0.65,3,424
638,max,1000,1,0.65,3,425
639,max,1000,1,0.65,3,426
640,max,1000,1,0.65,3,427
641,max,1000,1,0.65,3,428
642,max,1000,1,0.65,3,429
643,max,1000,1,0.65,3,430
644,max,1000,1,0.65,3,431
645,max,1000,1,0.65,3,432
646,max,1000,1,0.65,3,433
647,max,1000,1,0.65,3,434
648,max,1000,1,0.65,3,435
649,max,1000,1,0.65,3,436
650,max,1000,1,0.65,3,437
651,max,1000,1,0.65,3,438
652,max,1000,1,0.65,3,439
653,max,1000,1,0.65,3,440
654,max,1000,1,0.65,3,441
655,max,1000,1,0.65,3,442
656,max,1000,1,0.65,3,443
657,max,1000,1,0.65,3,444
658,max,1000,1,0.65,3,445
659,max,1000,1,0.65,3,446
660,max,1000,1,0.65,3,447
661,max,1000,1,0.65,3,448
662,max,1000,1,0.65,3,449
663,max,1000,1,0.65,3,450
664,max,1000,1,0.65,3,451
665,max,1000,1,0.65,3,452
666,max,1000,1,0.65,3,453
667,max,1000,1,0.65,3,454
668,max,1000,1,0.65,3,455
669,max,1000,1,0.65,3,456
670,max,1000,1,0.65,3,457
671,max,1000,1,0.65,3,458
672,max,1000,1,0.65,3,459
673,max,1000,1,0.65,3,460
674,max,1000,1,0.65,3,461
675,max,1000,1,0.65,3,462
676,max,1000,1,0.65,3,463
677,max,1000,1,0.65,3,464
678,max,1000,1,0.65,3,465
679,max,1000,1,0.65,3,466
680,max,1000,1,0.65,3,467
681,max,1000,1,0.65,3,468
682,max,1000,1,0.65,3,469
683,max,1000,1,0.65,3,470
684,max,1000,1,0.65,3,471
685,max,1000,1,0.65,3,472
686,max,1000,1,0.65,3,473
687,max,1000,1,0.65,3,474
688,max,1000,1,0.65,3,475
689,max,1000,1,0.65,3,476
690,max,1000,1,0.65,3,477
691,max,1000,1,0.65,3,478
692,max,1000,1,0.65,3,479
693,max,1000,1,0.65,3,480
694,max,1000,1,0.65,3,481
695,max,1000,1,0.65,3,482
696,max,1000,1,0.65,3,483
697,max,1000,1,0.65,3,484
698,max,1000,1,0.65,3,485
699,max,1000,1,0.65,3,486
700,max,1000,1,0.65,3,487
701,max,1000,1,0.65,3,488
702,max,1000,1,0.65,3,489
703,max,1000,1,0.65,3,490
704,max,1000,1,0.65,3,491
705,max,1000,1,0.65,3,492
706,max,1000,1,0.65,3,493
707,max,1000,1,0.65,3,494
708,max,1000,1,0.65,3,495
709,max,1000,1,0.65,3,496
710,max,1000,1,0.65,3,497
711,max,1000,1,0.65,3,498
712,max,1000,1,0.65,3,499
713,max,1000,1,0.65,3,500
714,max,1000,1,0.65,3,501
715,max,1000,1,0.65,3,502
716,max,1000,1,0.65,3,503
717,max,1000,1,0.65,3,504
718,max,1000,1,0.65,3,505
719,max,1000,1,0.65,3,506
720,max,1000,1,0.65,3,507
721,max,1000,1,0.65,3,508
722,max,1000,1,0.65,3,509
723,max,1000,1,0.65,3,510
724,max,1000,1,0.65,3,511
725,max,1000,1,0.65,3,512
726,max,1000,1,0.65,3,513
727,max,1000,1,0.65,3,514
728,max,1000,1,0.65,3,515
729,max,1000,1,0.65,3,516
730,max,1000,1,0.65,3,517
731,max,1000,1,0.65,3,518
732,max,1000,1,0.65,3,519
733,max,1000,1,0.65,3,520
734,max,1000,1,0.65,3,521
735,max,1000,1,0.65,3,522
736,max,1000,1,0.65,3,523
737,max,1000,1,0.65,3,524
738,max,1000,1,0.65,3,525
739,max,1000,1,0.65,3,526
740,max,1000,1,0.65,3,527
741,max,1000,1,0.65,3,528
742,max,1000,1,0.65,3,529
743,max,1000,1,0.65,3,530
744,max,1000,1,0.65,3,531
745,max,1000,1,0.65,3,532
746,max,1000,1,0.65,3,533
747,max,1000,1,0.65,3,534
748,max,1000,1,0.65,3,535
749,max,1000,1,0.65,3,536
750,max,1000,1,0.65,3,537
751,max,1000,1,0.65,3,538
752,max,1000,1,0.65,3,539
753,max,1000,1,0.65,3,540
754,max,1000,1,0.65,3,541
755,max,1000,1,0.65,3,542
756,max,1000,1,0.65,3,543
757,max,1000,1,0.65,3,544
758,max,1000,1,0.65,3,545
759,max,1000,1,0.65,3,546
760,max,1000,1,0.65,3,547
761,max,1000,1,0.65,3,548
762,max,1000,1,0.65,3,549
763,max,1000,1,0.65,3,550
764,max,1000,1,0.65,3,551
765,max,1000,1,0.65,3,552
766,max,1000,1,0.65,3,553
767,max,1000,1,0.65,3,554
768,max,1000,1,0.65,3,555
769,max,1000,1,0.65,3,556
770,max,1000,1,0.65,3,557
771,max,1000,1,0.65,3,558
772,max,1000,1,0.65,3,559
773,max,1000,1,0.65,3,560
774,max,1000,1,0.65,3,561
775,max,1000,1,0.65,3,562
776,max,1000,1,0.65,3,563
777,max,1000,1,0.65,3,564
778,max,1000,1,0.65,3,565
779,max,1000,1,0.65,3,566
780,max,1000,1,0.65,3,567
781,max,1000,1,0.65,3,568
782,max,1000,1,0.65,3,569
783,max,1000,1,0.65,3,570
784,max,1000,1,0.65,3,571
785,max,1000,1,0.65,3,572
786,max,1000,1,0.65,3,573
787,max,1000,1,0.65,3,574
788,max,1000,1,0.65,3,575
789,max,1000,1,0.65,3,576
790,max,1000,1,0.65,3,577
791,max,1000,1,0.65,3,578
792,max,1000,1,0.65,3,579
793,max,1000,1,0.65,3,580
794,max,1000,1,0.65,3,581
795,max,1000,1,0.65,3,582
796,max,1000,1,0.65,3,583
797,max,1000,1,0.65,3,584
798,max,1000,1,0.65,3,585
799,max,1000,1,0.65,3,586
800,max,1000,1,0.65,3,587
801,max,1000,1,0.65,3,588
802,max,1000,1,0.65,3,589
803,max,1000,1,0.65,3,590
804,max,1000,1,0.65,3,591
805,max,1000,1,0.65,3,592
806,max,1000,1,0.65,3,593
807,max,1000,1,0.65,3,594
808,max,1000,1,0.65,3,595
809,max,1000,1,0.65,3,596
810,max,1000,1,0.65,3,597
811,max,1000,1,0.65,3,598
812,max,1000,1,0.65,3,599
813,max,1000,1,0.65,3,600
814,max,1000,1,0.65,3,601
815,max,1000,1,0.65,3,602
816,max,1000,1,0.65,3,603
817,max,1000,1,0.65,3,604
818,max,1000,1,0.65,3,605
819,max,1000,1,0.65,3,606
820,max,1000,1,0.65,3,607
821,max,1000,1,0.65,3,608
822,max,1000,1,0.65,3,609
823,max,1000,1,0.65,3,610
824,max,1000,1,0.65,3,611
825,max,1000,1,0.65,3,612
826,max,1000,1,0.65,3,613
827,max,1000,1,0.65,3,614
828,max,1000,1,0.65,3,615
829,max,1000,1,0.65,3,616
830,max,1000,1,0.65,3,617
831,max,1000,1,0.65,3,618
832,max,1000,1,0.65,3,619
833,max,1000,1,0.65,3,620
834,max,1000,1,0.65,3,621
835,max,1000,1,0.65,3,622
836,max,1000,1,0.65,3,623
837,max,1000,1,0.65,3,624
838,max,1000,1,0.65,3,625
839,max,1000,1,0.65,3,626
840,max,1000,1,0.65,3,627
841,max,1000,1,0.65,3,628
842,max,1000,1,0.65,3,629
843,max,1000,1,0.65,3,630
844,max,1000,1,0.65,3,631
845,max,1000,1,0.65,3,632
846,max,1000,1,0.65,3,633
847,max,1000,1,0.65,3,634
848,max,1000,1,0.65,3,635
849,max,1000,1,0.65,3,636
850,max,1000,1,0.65,3,637
851,max,1000,1,0.65,3,638
852,max,1000,1,0.65,3,639
853,max,1000,1,0.65,3,640
854,max,1000,1,0.65,3,641
855,max,1000,1,0.65,3,642
856,max,1000,1,0.65,3,643
857,max,1000,1,0.65,3,644
858,max,1000,1,0.65,3,645
859,max,1000,1,0.65,3,646
860,max,1000,1,0.65,3,647
861,max,1000,1,0.65,3,648
862,max,1000,1,0.65,3,649
863,max,1000,1,0.65,3,650
864,max,1000,1,0.65,3,651
865,max,1000,1,0.65,3,652
866,max,1000,1,0.65,3,653
867,max,1000,1,0.65,3,654
868,max,1000,1,0.65,3,655
869,max,1000,1,0.65,3,656
870,max,1000,1,0.65,3,657
871,max,1000,1,0.65,3,658
872,max,1000,1,0.65,3,659
873,max,1000,1,0.65,3,660
874,max,1000,1,0.65,3,661
875,max,1000,1,0.65,3,662
876,max,1000,1,0.65,3,663
877,max,1000,1,0.65,3,664
878,max,1000,1,0.65,3,665
879,max,1000,1,0.65,3,666
880,max,1000,1,0.65,3,667
881,max,1000,1,0.65,3,668
882,max,1000,1,0.65,3,669
883,max,1000,1,0.65,3,670
884,max,1000,1,0.65,3,671
885,max,1000,1,0.65,3,672
886,max,1000,1,0.65,3,673
887,max,1000,1,0.65,3,674
888,max,1000,1,0.65,3,675
889,max,1000,1,0.65,3,676
890,max,1000,1,0.65,3,677
891,max,1000,1,0.65,3,678
892,max,1000,1,0.65,3,679
893,max,1000,1,0.65,3,680
894,max,1000,1,0.65,3,681
895,max,1000,1,0.65,3,682
896,max,1000,1,0.65,3,683
897,max,1000,1,0.65,3,684
898,max,1000,1,0.65,3,685
899,max,1000,1,0.65,3,686
900,max,1000,1,0.65,3,687
901,max,1000,1,0.65,3,688
902,max,1000,1,0.65,3,689
903,max,1000,1,0.65,3,690
904,max,1000,1,0.65,3,691
905,max,1000,1,0.65,3,692
906,max,1000,1,0.65,3,693
907,max,1000,1,0.65,3,694
908,max,1000,1,0.65,3,695
909,max,1000,1,0.65,3,696
910,max,1000,1,0.65,3,697
911,max,1000,1,0.65,3,698
912,max,1000,1,0.65,3,699
913,max,1000,1,0.65,3,700
914,max,1000,1,0.65,3,701
915,max,1000,1,0.65,3,702
916,max,1000,1,0.65,3,703
917,max,1000,1,0.65,3,704
918,max,1000,1,0.65,3,705
919,max,1000,1,0.65,3,706
920,max,1000,1,0.65,3,707
921,max,1000,1,0.65,3,708
922,max,1000,1,0.65,3,709
923,max,1000,1,0.65,3,710
924,max,1000,1,0.65,3,711
925,max,1000,1,0.65,3,712
926,max,1000,1,0.65,3,713
927,max,1000,1,0.65,3,714
928,max,1000,1,0.65,3,715
929,max,1000,1,0.65,3,716
930,max,1000,1,0.65,3,717
931,max,1000,1,0.65,3,718
932,max,1000,1,0.65,3,719
933,max,1000,1,0.65,3,720
934,max,1000,1,0.65,3,721
935,max,1000,1,0.65,3,722
936,max,1000,1,0.65,3,723
937,max,1000,1,0.65,3,724
938,max,1000,1,0.65,3,725
939,max,1000,1,0.65,3,726
940,max,1000,1,0.65,3,727
941,max,1000,1,0.65,3,728
942,max,1000,1,0.65,3,729
943,max,1000,1,0.65,3,730
944,max,1000,1,0.65,3,731
945,max,1000,1,0.65,3,732
946,max,1000,1,0.65,3,733
947,max,1000,1,0.65,3,734
948,max,1000,1,0.65,3,735
949,max,1000,1,0.65,3,736
950,max,1000,1,0.65,3,737
951,max,1000,1,0.65,3,738
952,max,1000,1,0.65,3,739
953,max,1000,1,0.65,3,740
954,max,1000,1,0.65,3,741
955,max,1000,1,0.65,3,742
956,max,1000,1,0.65,3,743
957,max,1000,1,0.65,3,744
958,max,1000,1,0.65,3,745
959,max,1000,1,0.65,3,746
960,max,1000,1,0.65,3,747
961,max,1000,1,0.65,3,748
962,max,1000,1,0.65,3,749
963,max,1000,1,0.65,3,750
964,max,1000,1,0.65,3,751
965,max,1000,1,0.65,3,752
966,max,1000,1,0.65,3,753
967,max,1000,1,0.65,3,754
968,max,1000,1,0.65,3,755
969,max,1000,1,0.65,3,756
970,max,1000,1,0.65,3,757
971,max,1000,1,0.65,3,758
972,max,1000,1,0.65,3,759
973,max,1000,1,0.65,3,760
974,max,1000,1,0.65,3,761
975,max,1000,1,0.65,3,762
976,max,1000,1,0.65,3,763
977,max,1000,1,0.65,3,764
978,max,1000,1,0.65,3,765
979,max,1000,1,0.65,3,766
980,max,1000,1,0.65,3,767
981,max,1000,1,0.65,3,768
982,max,1000,1,0.65,3,769
983,max,1000,1,0.65,3,770
984,max,1000,1,0.65,3,771
985,max,1000,1,0.65,3,772
986,max,1000,1,0.65,3,773
987,max,1000,1,0.65,3,774
988,max,1000,1,0.65,3,775
989,max,1000,1,0.65,3,776
990,max,1000,1,0.65,3,777
991,max,1000,1,0.65,3,778
992,max,1000,1,0.65,3,779
993,max,1000,1,0.65,3,780
994,max,1000,1,0.65,3,781
995,max,1000,1,0.65,3,782
996,max,1000,1,0.65,3,783
997,max,1000,1,0.65,3,784
998,max,1000,1,0.65,3,785
999,max,1000,1,0.65,3,786
1000,max,1000,1,0.65,3,787
1001,max,1000,1,0.65,3,788
1002,max,1000,1,0.65,3,789
1003,max,1000,1,0.65,3,790
1004,max,1000,1,0.65,3,791
1005,max,1000,1,0.65,3,792
1006,max,1000,1,0.65,3,793
1007,max,1000,1,0.65,3,794
1008,max,1000,1,0.65,3,795
1009,max,1000,1,0.65,3,796
1010,max,1000,1,0.65,3,797
1011,max,1000,1,0.65,3,798
1012,max,1000,1,0.65,3,799
1013,max,1000,1,0.65,3,800
1014,max,1000,1,0.65,3,801
1015,max,1000,1,0.65,3,802
1016,max,1000,1,0.65,3,803
1017,max,1000,1,0.65,3,804
1018,max,1000,1,0.65,3,805
1019,max,1000,1,0.65,3,806
1020,max,1000,1,0.65,3,807
1021,max,1000,1,0.65,3,808
1022,max,1000,1,0.65,3,809
1023,max,1000,1,0.65,3,810
1024,max,1000,1,0.65,3,811
1025,max,1000,1,0.65,3,812
1026,max,1000,1,0.65,3,813
1027,max,1000,1,0.65,3,814
1028,max,1000,1,0.65,3,815
1029,max,1000,1,0.65,3,816
1030,max,1000,1,0.65,3,817
1031,max,1000,1,0.65,3,818
1032,max,1000,1,0.65,3,819
1033,max,1000,1,0.65,3,820
1034,max,1000,1,0.65,3,821
1035,max,1000,1,0.65,3,822
1036,max,1000,1,0.65,3,823
1037,max,1000,1,0.65,3,824
1038,max,1000,1,0.65,3,825
1039,max,1000,1,0.65,3,826
1040,max,1000,1,0.65,3,827
1041,max,1000,1,0.65,3,828
1042,max,1000,1,0.65,3,829
1043,max,1000,1,0.65,3,830
1044,max,1000,1,0.65,3,831
1045,max,1000,1,0.65,3,832
1046,max,1000,1,0.65,3,833
1047,max,1000,1,0.65,3,834
1048,max,1000,1,0.65,3,835
1049,max,1000,1,0.65,3,836
1050,max,1000,1,0.65,3,837
1051,max,1000,1,0.65,3,838
1052,max,1000,1,0.65,3,839
1053,max,1000,1,0.65,3,840
1054,max,1000,1,0.65,3,841
1055,max,1000,1,0.65,3,842
1056,max,1000,1,0.65,3,843
1057,max,1000,1,0.65,3,844
1058,max,1000,1,0.65,3,845
1059,max,1000,1,0.65,3,846
1060,max,1000,1,0.65,3,847
1061,max,1000,1,0.65,3,848
1062,max,1000,1,0.65,3,849
1063,max,1000,1,0.65,3,850
1064,max,1000,1,0.65,3,851
1065,max,1000,1,0.65,3,852
1066,max,1000,1,0.65,3,853
1067,max,1000,1,0.65,3,854
1068,max,1000,1,0.65,3,855
1069,max,1000,1,0.65,3,856
1070,max,1000,1,0.65,3,857
1071,max,1000,1,0.65,3,858
1072,max,1000,1,0.65,3,859
1073,max,1000,1,0.65,3,860
1074,max,1000,1,0.65,3,861
1075,max,1000,1,0.65,3,862
1076,max,1000,1,0.65,3,863
1077,max,1000,1,0.65,3,864
1078,max,1000,1,0.65,3,865
1079,max,1000,1,0.65,3,866
1080,max,1000,1,0.65,3,867
1081,max,1000,1,0.65,3,868
1082,max,1000,1,0.65,3,869
1083,max,1000,1,0.65,3,870
1084,max,1000,1,0.65,3,871
1085,max,1000,1,0.65,3,872
1086,max,1000,1,0.65,3,873
1087,max,1000,1,0.65,3,874
1088,max,1000,1,0.65,3,875
1089,max,1000,1,0.65,3,876
1090,max,1000,1,0.65,3,877
1091,max,1000,1,0.65,3,878
1092,max,1000,1,0.65,3,879
1093,max,1000,1,0.65,3,880
1094,max,1000,1,0.65,3,881
1095,max,1000,1,0.65,3,882
1096,max,1000,1,0.65,3,883
1097,max,1000,1,0.65,3,884
1098,max,1000,1,0.65,3,885
1099,max,1000,1,0.65,3,886
1100,max,1000,1,0.65,3,887
1101,max,1000,1,0.65,3,888
1102,max,1000,1,0.65,3,889
1103,max,1000,1,0.65,3,890
1104,max,1000,1,0.65,3,891
1105,max,1000,1,0.65,3,892
1106,max,1000,1,0.65,3,893
1107,max,1000,1,0.65,3,894
1108,max,1000,1,0.65,3,895
1109,max,1000,1,0.65,3,896
1110,max,1000,1,0.65,3,897
1111,max,1000,1,0.65,3,898
1112,max,1000,1,0.65,3,899
1113,max,1000,1,0.65,3,900
1114,max,1000,1,0.65,3,901
1115,max,1000,1,0.65,3,902
1116,max,1000,1,0.65,3,903
1117,max,1000,1,0.65,3,904
1118,max,1000,1,0.65,3,905
1119,max,1000,1,0.65,3,906
1120,max,1000,1,0.65,3,907
1121,max,1000,1,0.65,3,908
1122,max,1000,1,0.65,3,909
1123,max,1000,1,0.65,3,910
1124,max,1000,1,0.65,3,911
1125,max,1000,1,0.65,3,912
1126,max,1000,1,0.65,3,913
1127,max,1000,1,0.65,3,914
1128,max,1000,1,0.65,3,915
1129,max,1000,1,0.65,3,916
1130,max,1000,1,0.65,3,917
1131,max,1000,1,0.65,3,918
1132,max,1000,1,0.65,3,919
1133,max,1000,1,0.65,3,920
1134,max,1000,1,0.65,3,921
1135,max,1000,1,0.65,3,922
1136,max,1000,1,0.65,3,923
1137,max,1000,1,0.65,3,924
1138,max,1000,1,0.65,3,925
1139,max,1000,1,0.65,3,926
1140,max,1000,1,0.65,3,927
1141,max,1000,1,0.65,3,928
1142,max,1000,1,0.65,3,929
1143,max,1000,1,0.65,3,930
1144,max,1000,1,0.65,3,931
1145,max,1000,1,0.65,3,932
1146,max,1000,1,0.65,3,933
1147,max,1000,1,0.65,3,934
1148,max,1000,1,0.65,3,935
1149,max,1000,1,0.65,3,936
1150,max,1000,1,0.65,3,937
1151,max,1000,1,0.65,3,938
1152,max,1000,1,0.65,3,939
1153,max,1000,1,0.65,3,940
1154,max,1000,1,0.65,3,941
1155,max,1000,1,0.65,3,942
1156,max,1000,1,0.65,3,943
1157,max,1000,1,0.65,3,944
1158,max,1000,1,0.65,3,945
1159,max,1000,1,0.65,3,946
1160,max,1000,1,0.65,3,947
1161,max,1000,1,0.65,3,948
1162,max,1000,1,0.65,3,949
1163,max,1000,1,0.65,3,950
1164,max,1000,1,0.65,3,951
1165,max,1000,1,0.65,3,952
1166,max,1000,1,0.65,3,953
1167,max,1000,1,0.65,3,954
1168,max,1000,1,0.65,3,955
1169,max,1000,1,0.65,3,956
1170,max,1000,1,0.65,3,957
1171,max,1000,1,0.65,3,958
1172,max,1000,1,0.65,3,959
1173,max,1000,1,0.65,3,960
1174,max,1000,1,0.65,3,961
1175,max,1000,1,0.65,3,962
1176,max,1000,1,0.65,3,963
1177,max,1000,1,0.65,3,964
1178,max,1000,1,0.65,3,965
1179,max,1000,1,0.65,3,966
1180,max,1000,1,0.65,3,967
1181,max,1000,1,0.65,3,968
1182,max,1000,1,0.65,3,969
1183,max,1000,1,0.65,3,970
1184,max,1000,1,0.65,3,971
1185,max,1000,1,0.65,3,972
1186,max,1000,1,0.65,3,973
1187,max,1000,1,0.65,3,974
1188,max,1000,1,0.65,3,975
1189,max,1000,1,0.65,3,976
1190,max,1000,1,0.65,3,977
1191,max,1000,1,0.65,3,978
1192,max,1000,1,0.65,3,979
1193,max,1000,1,0.65,3,980
1194,max,1000,1,0.65,3,981
1195,max,1000,1,0.65,3,982
1196,max,1000,1,0.65,3,983
1197,max,1000,1,0.65,3,984
1198,max,1000,1,0.65,3,985
1199,max,1000,1,0.65,3,986
1200,max,1000,1,0.65,3,987
1201,max,1000,1,0.65,3,988
1202,max,1000,1,0.65,3,989
1203,max,1000,1,0.65,3,990
1204,max,1000,1,0.65,3,991
1205,max,1000,1,0.65,3,992
1206,max,1000,1,0.65,3,993
1207,max,1000,1,0.65,3,994
1208,max,1000,1,0.65,3,995
1209,max,1000,1,0.65,3,996
1210,max,1000,1,0.65,3,997
1211,max,1000,1,0.65,3,998
1212,max,1000,1,0.65,3,999
1213,dead,7,2,0.65,12,0
1214,dead,7,2,0.65,9,1
1215,dead,7,2,0.65,7,2
1216,dead,7,2,0.65,6,3
1217,dead,7,2,0.65,5,4
1218,dead,7,2,0.65,3,5
1219,dead,7,2,0.65,2,6
1220,dead,7,2,0.65,0,7
1221,dead,3,0,0.7,15,0
1222,dead,3,0,0.7,8,1
1223,dead,3,0,0.7,3,2
1224,dead,3,0,0.7,0,3
1225,dead,4,1,0.7,17,0
1226,dead,4,1,0.7,8,1
1227,dead,4,1,0.7,3,2
1228,dead,4,1,0.7,2,3
1229,dead,4,1,0.7,0,4
1230,dead,3,2,0.7,20,0
1231,dead,3,2,0.7,7,1
1232,dead,3,2,0.7,2,2
1233,dead,3,2,0.7,0,3
1234,max,1000,0,0.75,15,0
1235,max,1000,0,0.75,8,1
1236,max,1000,0,0.75,5,2
1237,max,1000,0,0.75,3,3
1238,max,1000,0,0.75,3,4
1239,max,1000,0,0.75,3,5
1240,max,1000,0,0.75,3,6
1241,max,1000,0,0.75,3,7
1242,max,1000,0,0.75,3,8
1243,max,1000,0,0.75,3,9
1244,max,1000,0,0.75,3,10
1245,max,1000,0,0.75,3,11
1246,max,1000,0,0.75,3,12
1247,max,1000,0,0.75,3,13
1248,max,1000,0,0.75,3,14
1249,max,1000,0,0.75,3,15
1250,max,1000,0,0.75,3,16
1251,max,1000,0,0.75,3,17
1252,max,1000,0,0.75,3,18
1253,max,1000,0,0.75,3,19
1254,max,1000,0,0.75,3,20
1255,max,1000,0,0.75,3,21
1256,max,1000,0,0.75,3,22
1257,max,1000,0,0.75,3,23
1258,max,1000,0,0.75,3,24
1259,max,1000,0,0.75,3,25
1260,max,1000,0,0.75,3,26
1261,max,1000,0,0.75,3,27
1262,max,1000,0,0.75,3,28
1263,max,1000,0,0.75,3,29
1264,max,1000,0,0.75,3,30
1265,max,1000,0,0.75,3,31
1266,max,1000,0,0.75,3,32
1267,max,1000,0,0.75,3,33
1268,max,1000,0,0.75,3,34
1269,max,1000,0,0.75,3,35
1270,max,1000,0,0.75,3,36
1271,max,1000,0,0.75,3,37
1272,max,1000,0,0.75,3,38
1273,max,1000,0,0.75,3,39
1274,max,1000,0,0.75,3,40
1275,max,1000,0,0.75,3,41
1276,max,1000,0,0.75,3,42
1277,max,1000,0,0.75,3,43
1278,max,1000,0,0.75,3,44
1279,max,1000,0,0.75,3,45
1280,max,1000,0,0.75,3,46
1281,max,1000,0,0.75,3,47
1282,max,1000,0,0.75,3,48
1283,max,1000,0,0.75,3,49
1284,max,1000,0,0.75,3,50
1285,max,1000,0,0.75,3,51
1286,max,1000,0,0.75,3,52
1287,max,1000,0,0.75,3,53
1288,max,1000,0,0.75,3,54
1289,max,1000,0,0.75,3,55
1290,max,1000,0,0.75,3,56
1291,max,1000,0,0.75,3,57
1292,max,1000,0,0.75,3,58
1293,max,1000,0,0.75,3,59
1294,max,1000,0,0.75,3,60
1295,max,1000,0,0.75,3,61
1296,max,1000,0,0.75,3,62
1297,max,1000,0,0.75,3,63
1298,max,1000,0,0.75,3,64
1299,max,1000,0,0.75,3,65
1300,max,1000,0,0.75,3,66
1301,max,1000,0,0.75,3,67
1302,max,1000,0,0.75,3,68
1303,max,1000,0,0.75,3,69
1304,max,1000,0,0.75,3,70
1305,max,1000,0,0.75,3,71
1306,max,1000,0,0.75,3,72
1307,max,1000,0,0.75,3,73
1308,max,1000,0,0.75,3,74
1309,max,1000,0,0.75,3,75
1310,max,1000,0,0.75,3,76
1311,max,1000,0,0.75,3,77
1312,max,1000,0,0.75,3,78
1313,max,1000,0,0.75,3,79
1314,max,1000,0,0.75,3,80
1315,max,1000,0,0.75,3,81
1316,max,1000,0,0.75,3,82
1317,max,1000,0,0.75,3,83
1318,max,1000,0,0.75,3,84
1319,max,1000,0,0.75,3,85
1320,max,1000,0,0.75,3,86
1321,max,1000,0,0.75,3,87
1322,max,1000,0,0.75,3,88
1323,max,1000,0,0.75,3,89
1324,max,1000,0,0.75,3,90
1325,max,1000,0,0.75,3,91
1326,max,1000,0,0.75,3,92
1327,max,1000,0,0.75,3,93
1328,max,1000,0,0.75,3,94
1329,max,1000,0,0.75,3,95
1330,max,1000,0,0.75,3,96
1331,max,1000,0,0.75,3,97
1332,max,1000,0,0.75,3,98
1333,max,1000,0,0.75,3,99
1334,max,1000,0,0.75,3,100
1335,max,1000,0,0.75,3,101
1336,max,1000,0,0.75,3,102
1337,max,1000,0,0.75,3,103
1338,max,1000,0,0.75,3,104
1339,max,1000,0,0.75,3,105
1340,max,1000,0,0.75,3,106
1341,max,1000,0,0.75,3,107
1342,max,1000,0,0.75,3,108
1343,max,1000,0,0.75,3,109
1344,max,1000,0,0.75,3,110
1345,max,1000,0,0.75,3,111
1346,max,1000,0,0.75,3,112
1347,max,1000,0,0.75,3,113
1348,max,1000,0,0.75,3,114
1349,max,1000,0,0.75,3,115
1350,max,1000,0,0.75,3,116
1351,max,1000,0,0.75,3,117
1352,max,1000,0,0.75,3,118
1353,max,1000,0,0.75,3,119
1354,max,1000,0,0.75,3,120
1355,max,1000,0,0.75,3,121
1356,max,1000,0,0.75,3,122
1357,max,1000,0,0.75,3,123
1358,max,1000,0,0.75,3,124
1359,max,1000,0,0.75,3,125
1360,max,1000,0,0.75,3,126
1361,max,1000,0,0.75,3,127
1362,max,1000,0,0.75,3,128
1363,max,1000,0,0.75,3,129
1364,max,1000,0,0.75,3,130
1365,max,1000,0,0.75,3,131
1366,max,1000,0,0.75,3,132
1367,max,1000,0,0.75,3,133
1368,max,1000,0,0.75,3,134
1369,max,1000,0,0.75,3,135
1370,max,1000,0,0.75,3,136
1371,max,1000,0,0.75,3,137
1372,max,1000,0,0.75,3,138
1373,max,1000,0,0.75,3,139
1374,max,1000,0,0.75,3,140
1375,max,1000,0,0.75,3,141
1376,max,1000,0,0.75,3,142
1377,max,1000,0,0.75,3,143
1378,max,1000,0,0.75,3,144
1379,max,1000,0,0.75,3,145
1380,max,1000,0,0.75,3,146
1381,max,1000,0,0.75,3,147
1382,max,1000,0,0.75,3,148
1383,max,1000,0,0.75,3,149
1384,max,1000,0,0.75,3,150
1385,max,1000,0,0.75,3,151
1386,max,1000,0,0.75,3,152
1387,max,1000,0,0.75,3,153
1388,max,1000,0,0.75,3,154
1389,max,1000,0,0.75,3,155
1390,max,1000,0,0.75,3,156
1391,max,1000,0,0.75,3,157
1392,max,1000,0,0.75,3,158
1393,max,1000,0,0.75,3,159
1394,max,1000,0,0.75,3,160
1395,max,1000,0,0.75,3,161
1396,max,1000,0,0.75,3,162
1397,max,1000,0,0.75,3,163
1398,max,1000,0,0.75,3,164
1399,max,1000,0,0.75,3,165
1400,max,1000,0,0.75,3,166
1401,max,1000,0,0.75,3,167
1402,max,1000,0,0.75,3,168
1403,max,1000,0,0.75,3,169
1404,max,1000,0,0.75,3,170
1405,max,1000,0,0.75,3,171
1406,max,1000,0,0.75,3,172
1407,max,1000,0,0.75,3,173
1408,max,1000,0,0.75,3,174
1409,max,1000,0,0.75,3,175
1410,max,1000,0,0.75,3,176
1411,max,1000,0,0.75,3,177
1412,max,1000,0,0.75,3,178
1413,max,1000,0,0.75,3,179
1414,max,1000,0,0.75,3,180
1415,max,1000,0,0.75,3,181
1416,max,1000,0,0.75,3,182
1417,max,1000,0,0.75,3,183
1418,max,1000,0,0.75,3,184
1419,max,1000,0,0.75,3,185
1420,max,1000,0,0.75,3,186
1421,max,1000,0,0.75,3,187
1422,max,1000,0,0.75,3,188
1423,max,1000,0,0.75,3,189
1424,max,1000,0,0.75,3,190
1425,max,1000,0,0.75,3,191
1426,max,1000,0,0.75,3,192
1427,max,1000,0,0.75,3,193
1428,max,1000,0,0.75,3,194
1429,max,1000,0,0.75,3,195
1430,max,1000,0,0.75,3,196
1431,max,1000,0,0.75,3,197
1432,max,1000,0,0.75,3,198
1433,max,1000,0,0.75,3,199
1434,max,1000,0,0.75,3,200
1435,max,1000,0,0.75,3,201
1436,max,1000,0,0.75,3,202
1437,max,1000,0,0.75,3,203
1438,max,1000,0,0.75,3,204
1439,max,1000,0,0.75,3,205
1440,max,1000,0,0.75,3,206
1441,max,1000,0,0.75,3,207
1442,max,1000,0,0.75,3,208
1443,max,1000,0,0.75,3,209
1444,max,1000,0,0.75,3,210
1445,max,1000,0,0.75,3,211
1446,max,1000,0,0.75,3,212
1447,max,1000,0,0.75,3,213
1448,max,1000,0,0.75,3,214
1449,max,1000,0,0.75,3,215
1450,max,1000,0,0.75,3,216
1451,max,1000,0,0.75,3,217
1452,max,1000,0,0.75,3,218
1453,max,1000,0,0.75,3,219
1454,max,1000,0,0.75,3,220
1455,max,1000,0,0.75,3,221
1456,max,1000,0,0.75,3,222
1457,max,1000,0,0.75,3,223
1458,max,1000,0,0.75,3,224
1459,max,1000,0,0.75,3,225
1460,max,1000,0,0.75,3,226
1461,max,1000,0,0.75,3,227
1462,max,1000,0,0.75,3,228
1463,max,1000,0,0.75,3,229
1464,max,1000,0,0.75,3,230
1465,max,1000,0,0.75,3,231
1466,max,1000,0,0.75,3,232
1467,max,1000,0,0.75,3,233
1468,max,1000,0,0.75,3,234
1469,max,1000,0,0.75,3,235
1470,max,1000,0,0.75,3,236
1471,max,1000,0,0.75,3,237
1472,max,1000,0,0.75,3,238
1473,max,1000,0,0.75,3,239
1474,max,1000,0,0.75,3,240
1475,max,1000,0,0.75,3,241
1476,max,1000,0,0.75,3,242
1477,max,1000,0,0.75,3,243
1478,max,1000,0,0.75,3,244
1479,max,1000,0,0.75,3,245
1480,max,1000,0,0.75,3,246
1481,max,1000,0,0.75,3,247
1482,max,1000,0,0.75,3,248
1483,max,1000,0,0.75,3,249
1484,max,1000,0,0.75,3,250
1485,max,1000,0,0.75,3,251
1486,max,1000,0,0.75,3,252
1487,max,1000,0,0.75,3,253
1488,max,1000,0,0.75,3,254
1489,max,1000,0,0.75,3,255
1490,max,1000,0,0.75,3,256
1491,max,1000,0,0.75,3,257
1492,max,1000,0,0.75,3,258
1493,max,1000,0,0.75,3,259
1494,max,1000,0,0.75,3,260
1495,max,1000,0,0.75,3,261
1496,max,1000,0,0.75,3,262
1497,max,1000,0,0.75,3,263
1498,max,1000,0,0.75,3,264
1499,max,1000,0,0.75,3,265
1500,max,1000,0,0.75,3,266
1501,max,1000,0,0.75,3,267
1502,max,1000,0,0.75,3,268
1503,max,1000,0,0.75,3,269
1504,max,1000,0,0.75,3,270
1505,max,1000,0,0.75,3,271
1506,max,1000,0,0.75,3,272
1507,max,1000,0,0.75,3,273
1508,max,1000,0,0.75,3,274
1509,max,1000,0,0.75,3,275
1510,max,1000,0,0.75,3,276
1511,max,1000,0,0.75,3,277
1512,max,1000,0,0.75,3,278
1513,max,1000,0,0.75,3,279
1514,max,1000,0,0.75,3,280
1515,max,1000,0,0.75,3,281
1516,max,1000,0,0.75,3,282
1517,max,1000,0,0.75,3,283
1518,max,1000,0,0.75,3,284
1519,max,1000,0,0.75,3,285
1520,max,1000,0,0.75,3,286
1521,max,1000,0,0.75,3,287
1522,max,1000,0,0.75,3,288
1523,max,1000,0,0.75,3,289
1524,max,1000,0,0.75,3,290
1525,max,1000,0,0.75,3,291
1526,max,1000,0,0.75,3,292
1527,max,1000,0,0.75,3,293
1528,max,1000,0,0.75,3,294
1529,max,1000,0,0.75,3,295
1530,max,1000,0,0.75,3,296
1531,max,1000,0,0.75,3,297
1532,max,1000,0,0.75,3,298
1533,max,1000,0,0.75,3,299
1534,max,1000,0,0.75,3,300
1535,max,1000,0,0.75,3,301
1536,max,1000,0,0.75,3,302
1537,max,1000,0,0.75,3,303
1538,max,1000,0,0.75,3,304
1539,max,1000,0,0.75,3,305
1540,max,1000,0,0.75,3,306
1541,max,1000,0,0.75,3,307
1542,max,1000,0,0.75,3,308
1543,max,1000,0,0.75,3,309
1544,max,1000,0,0.75,3,310
1545,max,1000,0,0.75,3,311
1546,max,1000,0,0.75,3,312
1547,max,1000,0,0.75,3,313
1548,max,1000,0,0.75,3,314
1549,max,1000,0,0.75,3,315
1550,max,1000,0,0.75,3,316
1551,max,1000,0,0.75,3,317
1552,max,1000,0,0.75,3,318
1553,max,1000,0,0.75,3,319
1554,max,1000,0,0.75,3,320
1555,max,1000,0,0.75,3,321
1556,max,1000,0,0.75,3,322
1557,max,1000,0,0.75,3,323
1558,max,1000,0,0.75,3,324
1559,max,1000,0,0.75,3,325
1560,max,1000,0,0.75,3,326
1561,max,1000,0,0.75,3,327
1562,max,1000,0,0.75,3,328
1563,max,1000,0,0.75,3,329
1564,max,1000,0,0.75,3,330
1565,max,1000,0,0.75,3,331
1566,max,1000,0,0.75,3,332
1567,max,1000,0,0.75,3,333
1568,max,1000,0,0.75,3,334
1569,max,1000,0,0.75,3,335
1570,max,1000,0,0.75,3,336
1571,max,1000,0,0.75,3,337
1572,max,1000,0,0.75,3,338
1573,max,1000,0,0.75,3,339
1574,max,1000,0,0.75,3,340
1575,max,1000,0,0.75,3,341
1576,max,1000,0,0.75,3,342
1577,max,1000,0,0.75,3,343
1578,max,1000,0,0.75,3,344
1579,max,1000,0,0.75,3,345
1580,max,1000,0,0.75,3,346
1581,max,1000,0,0.75,3,347
1582,max,1000,0,0.75,3,348
1583,max,1000,0,0.75,3,349
1584,max,1000,0,0.75,3,350
1585,max,1000,0,0.75,3,351
1586,max,1000,0,0.75,3,352
1587,max,1000,0,0.75,3,353
1588,max,1000,0,0.75,3,354
1589,max,1000,0,0.75,3,355
1590,max,1000,0,0.75,3,356
1591,max,1000,0,0.75,3,357
1592,max,1000,0,0.75,3,358
1593,max,1000,0,0.75,3,359
1594,max,1000,0,0.75,3,360
1595,max,1000,0,0.75,3,361
1596,max,1000,0,0.75,3,362
1597,max,1000,0,0.75,3,363
1598,max,1000,0,0.75,3,364
1599,max,1000,0,0.75,3,365
1600,max,1000,0,0.75,3,366
1601,max,1000,0,0.75,3,367
1602,max,1000,0,0.75,3,368
1603,max,1000,0,0.75,3,369
1604,max,1000,0,0.75,3,370
1605,max,1000,0,0.75,3,371
1606,max,1000,0,0.75,3,372
1607,max,1000,0,0.75,3,373
1608,max,1000,0,0.75,3,374
1609,max,1000,0,0.75,3,375
1610,max,1000,0,0.75,3,376
1611,max,1000,0,0.75,3,377
1612,max,1000,0,0.75,3,378
1613,max,1000,0,0.75,3,379
1614,max,1000,0,0.75,3,380
1615,max,1000,0,0.75,3,381
1616,max,1000,0,0.75,3,382
1617,max,1000,0,0.75,3,383
1618,max,1000,0,0.75,3,384
1619,max,1000,0,0.75,3,385
1620,max,1000,0,0.75,3,386
1621,max,1000,0,0.75,3,387
1622,max,1000,0,0.75,3,388
1623,max,1000,0,0.75,3,389
1624,max,1000,0,0.75,3,390
1625,max,1000,0,0.75,3,391
1626,max,1000,0,0.75,3,392
1627,max,1000,0,0.75,3,393
1628,max,1000,0,0.75,3,394
1629,max,1000,0,0.75,3,395
1630,max,1000,0,0.75,3,396
1631,max,1000,0,0.75,3,397
1632,max,1000,0,0.75,3,398
1633,max,1000,0,0.75,3,399
1634,max,1000,0,0.75,3,400
1635,max,1000,0,0.75,3,401
1636,max,1000,0,0.75,3,402
1637,max,1000,0,0.75,3,403
1638,max,1000,0,0.75,3,404
1639,max,1000,0,0.75,3,405
1640,max,1000,0,0.75,3,406
1641,max,1000,0,0.75,3,407
1642,max,1000,0,0.75,3,408
1643,max,1000,0,0.75,3,409
1644,max,1000,0,0.75,3,410
1645,max,1000,0,0.75,3,411
1646,max,1000,0,0.75,3,412
1647,max,1000,0,0.75,3,413
1648,max,1000,0,0.75,3,414
1649,max,1000,0,0.75,3,415
1650,max,1000,0,0.75,3,416
1651,max,1000,0,0.75,3,417
1652,max,1000,0,0.75,3,418
1653,max,1000,0,0.75,3,419
1654,max,1000,0,0.75,3,420
1655,max,1000,0,0.75,3,421
1656,max,1000,0,0.75,3,422
1657,max,1000,0,0.75,3,423
1658,max,1000,0,0.75,3,424
1659,max,1000,0,0.75,3,425
1660,max,1000,0,0.75,3,426
1661,max,1000,0,0.75,3,427
1662,max,1000,0,0.75,3,428
1663,max,1000,0,0.75,3,429
1664,max,1000,0,0.75,3,430
1665,max,1000,0,0.75,3,431
1666,max,1000,0,0.75,3,432
1667,max,1000,0,0.75,3,433
1668,max,1000,0,0.75,3,434
1669,max,1000,0,0.75,3,435
1670,max,1000,0,0.75,3,436
1671,max,1000,0,0.75,3,437
1672,max,1000,0,0.75,3,438
1673,max,1000,0,0.75,3,439
1674,max,1000,0,0.75,3,440
1675,max,1000,0,0.75,3,441
1676,max,1000,0,0.75,3,442
1677,max,1000,0,0.75,3,443
1678,max,1000,0,0.75,3,444
1679,max,1000,0,0.75,3,445
1680,max,1000,0,0.75,3,446
1681,max,1000,0,0.75,3,447
1682,max,1000,0,0.75,3,448
1683,max,1000,0,0.75,3,449
1684,max,1000,0,0.75,3,450
1685,max,1000,0,0.75,3,451
1686,max,1000,0,0.75,3,452
1687,max,1000,0,0.75,3,453
1688,max,1000,0,0.75,3,454
1689,max,1000,0,0.75,3,455
1690,max,1000,0,0.75,3,456
1691,max,1000,0,0.75,3,457
1692,max,1000,0,0.75,3,458
1693,max,1000,0,0.75,3,459
1694,max,1000,0,0.75,3,460
1695,max,1000,0,0.75,3,461
1696,max,1000,0,0.75,3,462
1697,max,1000,0,0.75,3,463
1698,max,1000,0,0.75,3,464
1699,max,1000,0,0.75,3,465
1700,max,1000,0,0.75,3,466
1701,max,1000,0,0.75,3,467
1702,max,1000,0,0.75,3,468
1703,max,1000,0,0.75,3,469
1704,max,1000,0,0.75,3,470
1705,max,1000,0,0.75,3,471
1706,max,1000,0,0.75,3,472
1707,max,1000,0,0.75,3,473
1708,max,1000,0,0.75,3,474
1709,max,1000,0,0.75,3,475
1710,max,1000,0,0.75,3,476
1711,max,1000,0,0.75,3,477
1712,max,1000,0,0.75,3,478
1713,max,1000,0,0.75,3,479
1714,max,1000,0,0.75,3,480
1715,max,1000,0,0.75,3,481
1716,max,1000,0,0.75,3,482
1717,max,1000,0,0.75,3,483
1718,max,1000,0,0.75,3,484
1719,max,1000,0,0.75,3,485
1720,max,1000,0,0.75,3,486
1721,max,1000,0,0.75,3,487
1722,max,1000,0,0.75,3,488
1723,max,1000,0,0.75,3,489
1724,max,1000,0,0.75,3,490
1725,max,1000,0,0.75,3,491
1726,max,1000,0,0.75,3,492
1727,max,1000,0,0.75,3,493
1728,max,1000,0,0.75,3,494
1729,max,1000,0,0.75,3,495
1730,max,1000,0,0.75,3,496
1731,max,1000,0,0.75,3,497
1732,max,1000,0,0.75,3,498
1733,max,1000,0,0.75,3,499
1734,max,1000,0,0.75,3,500
1735,max,1000,0,0.75,3,501
1736,max,1000,0,0.75,3,502
1737,max,1000,0,0.75,3,503
1738,max,1000,0,0.75,3,504
1739,max,1000,0,0.75,3,505
1740,max,1000,0,0.75,3,506
1741,max,1000,0,0.75,3,507
1742,max,1000,0,0.75,3,508
1743,max,1000,0,0.75,3,509
1744,max,1000,0,0.75,3,510
1745,max,1000,0,0.75,3,511
1746,max,1000,0,0.75,3,512
1747,max,1000,0,0.75,3,513
1748,max,1000,0,0.75,3,514
1749,max,1000,0,0.75,3,515
1750,max,1000,0,0.75,3,516
1751,max,1000,0,0.75,3,517
1752,max,1000,0,0.75,3,518
1753,max,1000,0,0.75,3,519
1754,max,1000,0,0.75,3,520
1755,max,1000,0,0.75,3,521
1756,max,1000,0,0.75,3,522
1757,max,1000,0,0.75,3,523
1758,max,1000,0,0.75,3,524
1759,max,1000,0,0.75,3,525
1760,max,1000,0,0.75,3,526
1761,max,1000,0,0.75,3,527
1762,max,1000,0,0.75,3,528
1763,max,1000,0,0.75,3,529
1764,max,1000,0,0.75,3,530
1765,max,1000,0,0.75,3,531
1766,max,1000,0,0.75,3,532
1767,max,1000,0,0.75,3,533
1768,max,1000,0,0.75,3,534
1769,max,1000,0,0.75,3,535
1770,max,1000,0,0.75,3,536
1771,max,1000,0,0.75,3,537
1772,max,1000,0,0.75,3,538
1773,max,1000,0,0.75,3,539
1774,max,1000,0,0.75,3,540
1775,max,1000,0,0.75,3,541
1776,max,1000,0,0.75,3,542
1777,max,1000,0,0.75,3,543
1778,max,1000,0,0.75,3,544
1779,max,1000,0,0.75,3,545
1780,max,1000,0,0.75,3,546
1781,max,1000,0,0.75,3,547
1782,max,1000,0,0.75,3,548
1783,max,1000,0,0.75,3,549
1784,max,1000,0,0.75,3,550
1785,max,1000,0,0.75,3,551
1786,max,1000,0,0.75,3,552
1787,max,1000,0,0.75,3,553
1788,max,1000,0,0.75,3,554
1789,max,1000,0,0.75,3,555
1790,max,1000,0,0.75,3,556
1791,max,1000,0,0.75,3,557
1792,max,1000,0,0.75,3,558
1793,max,1000,0,0.75,3,559
1794,max,1000,0,0.75,3,560
1795,max,1000,0,0.75,3,561
1796,max,1000,0,0.75,3,562
1797,max,1000,0,0.75,3,563
1798,max,1000,0,0.75,3,564
1799,max,1000,0,0.75,3,565
1800,max,1000,0,0.75,3,566
1801,max,1000,0,0.75,3,567
1802,max,1000,0,0.75,3,568
1803,max,1000,0,0.75,3,569
1804,max,1000,0,0.75,3,570
1805,max,1000,0,0.75,3,571
1806,max,1000,0,0.75,3,572
1807,max,1000,0,0.75,3,573
1808,max,1000,0,0.75,3,574
1809,max,1000,0,0.75,3,575
1810,max,1000,0,0.75,3,576
1811,max,1000,0,0.75,3,577
1812,max,1000,0,0.75,3,578
1813,max,1000,0,0.75,3,579
1814,max,1000,0,0.75,3,580
1815,max,1000,0,0.75,3,581
1816,max,1000,0,0.75,3,582
1817,max,1000,0,0.75,3,583
1818,max,1000,0,0.75,3,584
1819,max,1000,0,0.75,3,585
1820,max,1000,0,0.75,3,586
1821,max,1000,0,0.75,3,587
1822,max,1000,0,0.75,3,588
1823,max,1000,0,0.75,3,589
1824,max,1000,0,0.75,3,590
1825,max,1000,0,0.75,3,591
1826,max,1000,0,0.75,3,592
1827,max,1000,0,0.75,3,593
1828,max,1000,0,0.75,3,594
1829,max,1000,0,0.75,3,595
1830,max,1000,0,0.75,3,596
1831,max,1000,0,0.75,3,597
1832,max,1000,0,0.75,3,598
1833,max,1000,0,0.75,3,599
1834,max,1000,0,0.75,3,600
1835,max,1000,0,0.75,3,601
1836,max,1000,0,0.75,3,602
1837,max,1000,0,0.75,3,603
1838,max,1000,0,0.75,3,604
1839,max,1000,0,0.75,3,605
1840,max,1000,0,0.75,3,606
1841,max,1000,0,0.75,3,607
1842,max,1000,0,0.75,3,608
1843,max,1000,0,0.75,3,609
1844,max,1000,0,0.75,3,610
1845,max,1000,0,0.75,3,611
1846,max,1000,0,0.75,3,612
1847,max,1000,0,0.75,3,613
1848,max,1000,0,0.75,3,614
1849,max,1000,0,0.75,3,615
1850,max,1000,0,0.75,3,616
1851,max,1000,0,0.75,3,617
1852,max,1000,0,0.75,3,618
1853,max,1000,0,0.75,3,619
1854,max,1000,0,0.75,3,620
1855,max,1000,0,0.75,3,621
1856,max,1000,0,0.75,3,622
1857,max,1000,0,0.75,3,623
1858,max,1000,0,0.75,3,624
1859,max,1000,0,0.75,3,625
1860,max,1000,0,0.75,3,626
1861,max,1000,0,0.75,3,627
1862,max,1000,0,0.75,3,628
1863,max,1000,0,0.75,3,629
1864,max,1000,0,0.75,3,630
1865,max,1000,0,0.75,3,631
1866,max,1000,0,0.75,3,632
1867,max,1000,0,0.75,3,633
1868,max,1000,0,0.75,3,634
1869,max,1000,0,0.75,3,635
1870,max,1000,0,0.75,3,636
1871,max,1000,0,0.75,3,637
1872,max,1000,0,0.75,3,638
1873,max,1000,0,0.75,3,639
1874,max,1000,0,0.75,3,640
1875,max,1000,0,0.75,3,641
1876,max,1000,0,0.75,3,642
1877,max,1000,0,0.75,3,643
1878,max,1000,0,0.75,3,644
1879,max,1000,0,0.75,3,645
1880,max,1000,0,0.75,3,646
1881,max,1000,0,0.75,3,647
1882,max,1000,0,0.75,3,648
1883,max,1000,0,0.75,3,649
1884,max,1000,0,0.75,3,650
1885,max,1000,0,0.75,3,651
1886,max,1000,0,0.75,3,652
1887,max,1000,0,0.75,3,653
1888,max,1000,0,0.75,3,654
1889,max,1000,0,0.75,3,655
1890,max,1000,0,0.75,3,656
1891,max,1000,0,0.75,3,657
1892,max,1000,0,0.75,3,658
1893,max,1000,0,0.75,3,659
1894,max,1000,0,0.75,3,660
1895,max,1000,0,0.75,3,661
1896,max,1000,0,0.75,3,662
1897,max,1000,0,0.75,3,663
1898,max,1000,0,0.75,3,664
1899,max,1000,0,0.75,3,665
1900,max,1000,0,0.75,3,666
1901,max,1000,0,0.75,3,667
1902,max,1000,0,0.75,3,668
1903,max,1000,0,0.75,3,669
1904,max,1000,0,0.75,3,670
1905,max,1000,0,0.75,3,671
1906,max,1000,0,0.75,3,672
1907,max,1000,0,0.75,3,673
1908,max,1000,0,0.75,3,674
1909,max,1000,0,0.75,3,675
1910,max,1000,0,0.75,3,676
1911,max,1000,0,0.75,3,677
1912,max,1000,0,0.75,3,678
1913,max,1000,0,0.75,3,679
1914,max,1000,0,0.75,3,680
1915,max,1000,0,0.75,3,681
1916,max,1000,0,0.75,3,682
1917,max,1000,0,0.75,3,683
1918,max,1000,0,0.75,3,684
1919,max,1000,0,0.75,3,685
1920,max,1000,0,0.75,3,686
1921,max,1000,0,0.75,3,687
1922,max,1000,0,0.75,3,688
1923,max,1000,0,0.75,3,689
1924,max,1000,0,0.75,3,690
1925,max,1000,0,0.75,3,691
1926,max,1000,0,0.75,3,692
1927,max,1000,0,0.75,3,693
1928,max,1000,0,0.75,3,694
1929,max,1000,0,0.75,3,695
1930,max,1000,0,0.75,3,696
1931,max,1000,0,0.75,3,697
1932,max,1000,0,0.75,3,698
1933,max,1000,0,0.75,3,699
1934,max,1000,0,0.75,3,700
1935,max,1000,0,0.75,3,701
1936,max,1000,0,0.75,3,702
1937,max,1000,0,0.75,3,703
1938,max,1000,0,0.75,3,704
1939,max,1000,0,0.75,3,705
1940,max,1000,0,0.75,3,706
1941,max,1000,0,0.75,3,707
1942,max,1000,0,0.75,3,708
1943,max,1000,0,0.75,3,709
1944,max,1000,0,0.75,3,710
1945,max,1000,0,0.75,3,711
1946,max,1000,0,0.75,3,712
1947,max,1000,0,0.75,3,713
1948,max,1000,0,0.75,3,714
1949,max,1000,0,0.75,3,715
1950,max,1000,0,0.75,3,716
1951,max,1000,0,0.75,3,717
1952,max,1000,0,0.75,3,718
1953,max,1000,0,0.75,3,719
1954,max,1000,0,0.75,3,720
1955,max,1000,0,0.75,3,721
1956,max,1000,0,0.75,3,722
1957,max,1000,0,0.75,3,723
1958,max,1000,0,0.75,3,724
1959,max,1000,0,0.75,3,725
1960,max,1000,0,0.75,3,726
1961,max,1000,0,0.75,3,727
1962,max,1000,0,0.75,3,728
1963,max,1000,0,0.75,3,729
1964,max,1000,0,0.75,3,730
1965,max,1000,0,0.75,3,731
1966,max,1000,0,0.75,3,732
1967,max,1000,0,0.75,3,733
1968,max,1000,0,0.75,3,734
1969,max,1000,0,0.75,3,735
1970,max,1000,0,0.75,3,736
1971,max,1000,0,0.75,3,737
1972,max,1000,0,0.75,3,738
1973,max,1000,0,0.75,3,739
1974,max,1000,0,0.75,3,740
1975,max,1000,0,0.75,3,741
1976,max,1000,0,0.75,3,742
1977,max,1000,0,0.75,3,743
1978,max,1000,0,0.75,3,744
1979,max,1000,0,0.75,3,745
1980,max,1000,0,0.75,3,746
1981,max,1000,0,0.75,3,747
1982,max,1000,0,0.75,3,748
1983,max,1000,0,0.75,3,749
1984,max,1000,0,0.75,3,750
1985,max,1000,0,0.75,3,751
1986,max,1000,0,0.75,3,752
1987,max,1000,0,0.75,3,753
1988,max,1000,0,0.75,3,754
1989,max,1000,0,0.75,3,755
1990,max,1000,0,0.75,3,756
1991,max,1000,0,0.75,3,757
1992,max,1000,0,0.75,3,758
1993,max,1000,0,0.75,3,759
1994,max,1000,0,0.75,3,760
1995,max,1000,0,0.75,3,761
1996,max,1000,0,0.75,3,762
1997,max,1000,0,0.75,3,763
1998,max,1000,0,0.75,3,764
1999,max,1000,0,0.75,3,765
2000,max,1000,0,0.75,3,766
2001,max,1000,0,0.75,3,767
2002,max,1000,0,0.75,3,768
2003,max,1000,0,0.75,3,769
2004,max,1000,0,0.75,3,770
2005,max,1000,0,0.75,3,771
2006,max,1000,0,0.75,3,772
2007,max,1000,0,0.75,3,773
2008,max,1000,0,0.75,3,774
2009,max,1000,0,0.75,3,775
2010,max,1000,0,0.75,3,776
2011,max,1000,0,0.75,3,777
2012,max,1000,0,0.75,3,778
2013,max,1000,0,0.75,3,779
2014,max,1000,0,0.75,3,780
2015,max,1000,0,0.75,3,781
2016,max,1000,0,0.75,3,782
2017,max,1000,0,0.75,3,783
2018,max,1000,0,0.75,3,784
2019,max,1000,0,0.75,3,785
2020,max,1000,0,0.75,3,786
2021,max,1000,0,0.75,3,787
2022,max,1000,0,0.75,3,788
2023,max,1000,0,0.75,3,789
2024,max,1000,0,0.75,3,790
2025,max,1000,0,0.75,3,791
2026,max,1000,0,0.75,3,792
2027,max,1000,0,0.75,3,793
2028,max,1000,0,0.75,3,794
2029,max,1000,0,0.75,3,795
2030,max,1000,0,0.75,3,796
2031,max,1000,0,0.75,3,797
2032,max,1000,0,0.75,3,798
2033,max,1000,0,0.75,3,799
2034,max,1000,0,0.75,3,800
2035,max,1000,0,0.75,3,801
2036,max,1000,0,0.75,3,802
2037,max,1000,0,0.75,3,803
2038,max,1000,0,0.75,3,804
2039,max,1000,0,0.75,3,805
2040,max,1000,0,0.75,3,806
2041,max,1000,0,0.75,3,807
2042,max,1000,0,0.75,3,808
2043,max,1000,0,0.75,3,809
2044,max,1000,0,0.75,3,810
2045,max,1000,0,0.75,3,811
2046,max,1000,0,0.75,3,812
2047,max,1000,0,0.75,3,813
2048,max,1000,0,0.75,3,814
2049,max,1000,0,0.75,3,815
2050,max,1000,0,0.75,3,816
2051,max,1000,0,0.75,3,817
2052,max,1000,0,0.75,3,818
2053,max,1000,0,0.75,3,819
2054,max,1000,0,0.75,3,820
2055,max,1000,0,0.75,3,821
2056,max,1000,0,0.75,3,822
2057,max,1000,0,0.75,3,823
2058,max,1000,0,0.75,3,824
2059,max,1000,0,0.75,3,825
2060,max,1000,0,0.75,3,826
2061,max,1000,0,0.75,3,827
2062,max,1000,0,0.75,3,828
2063,max,1000,0,0.75,3,829
2064,max,1000,0,0.75,3,830
2065,max,1000,0,0.75,3,831
2066,max,1000,0,0.75,3,832
2067,max,1000,0,0.75,3,833
2068,max,1000,0,0.75,3,834
2069,max,1000,0,0.75,3,835
2070,max,1000,0,0.75,3,836
2071,max,1000,0,0.75,3,837
2072,max,1000,0,0.75,3,838
2073,max,1000,0,0.75,3,839
2074,max,1000,0,0.75,3,840
2075,max,1000,0,0.75,3,841
2076,max,1000,0,0.75,3,842
2077,max,1000,0,0.75,3,843
2078,max,1000,0,0.75,3,844
2079,max,1000,0,0.75,3,845
2080,max,1000,0,0.75,3,846
2081,max,1000,0,0.75,3,847
2082,max,1000,0,0.75,3,848
2083,max,1000,0,0.75,3,849
2084,max,1000,0,0.75,3,850
2085,max,1000,0,0.75,3,851
2086,max,1000,0,0.75,3,852
2087,max,1000,0,0.75,3,853
2088,max,1000,0,0.75,3,854
2089,max,1000,0,0.75,3,855
2090,max,1000,0,0.75,3,856
2091,max,1000,0,0.75,3,857
2092,max,1000,0,0.75,3,858
2093,max,1000,0,0.75,3,859
2094,max,1000,0,0.75,3,860
2095,max,1000,0,0.75,3,861
2096,max,1000,0,0.75,3,862
2097,max,1000,0,0.75,3,863
2098,max,1000,0,0.75,3,864
2099,max,1000,0,0.75,3,865
2100,max,1000,0,0.75,3,866
2101,max,1000,0,0.75,3,867
2102,max,1000,0,0.75,3,868
2103,max,1000,0,0.75,3,869
2104,max,1000,0,0.75,3,870
2105,max,1000,0,0.75,3,871
2106,max,1000,0,0.75,3,872
2107,max,1000,0,0.75,3,873
2108,max,1000,0,0.75,3,874
2109,max,1000,0,0.75,3,875
2110,max,1000,0,0.75,3,876
2111,max,1000,0,0.75,3,877
2112,max,1000,0,0.75,3,878
2113,max,1000,0,0.75,3,879
2114,max,1000,0,0.75,3,880
2115,max,1000,0,0.75,3,881
2116,max,1000,0,0.75,3,882
2117,max,1000,0,0.75,3,883
2118,max,1000,0,0.75,3,884
2119,max,1000,0,0.75,3,885
2120,max,1000,0,0.75,3,886
2121,max,1000,0,0.75,3,887
2122,max,1000,0,0.75,3,888
2123,max,1000,0,0.75,3,889
2124,max,1000,0,0.75,3,890
2125,max,1000,0,0.75,3,891
2126,max,1000,0,0.75,3,892
2127,max,1000,0,0.75,3,893
2128,max,1000,0,0.75,3,894
2129,max,1000,0,0.75,3,895
2130,max,1000,0,0.75,3,896
2131,max,1000,0,0.75,3,897
2132,max,1000,0,0.75,3,898
2133,max,1000,0,0.75,3,899
2134,max,1000,0,0.75,3,900
2135,max,1000,0,0.75,3,901
2136,max,1000,0,0.75,3,902
2137,max,1000,0,0.75,3,903
2138,max,1000,0,0.75,3,904
2139,max,1000,0,0.75,3,905
2140,max,1000,0,0.75,3,906
2141,max,1000,0,0.75,3,907
2142,max,1000,0,0.75,3,908
2143,max,1000,0,0.75,3,909
2144,max,1000,0,0.75,3,910
2145,max,1000,0,0.75,3,911
2146,max,1000,0,0.75,3,912
2147,max,1000,0,0.75,3,913
2148,max,1000,0,0.75,3,914
2149,max,1000,0,0.75,3,915
2150,max,1000,0,0.75,3,916
2151,max,1000,0,0.75,3,917
2152,max,1000,0,0.75,3,918
2153,max,1000,0,0.75,3,919
2154,max,1000,0,0.75,3,920
2155,max,1000,0,0.75,3,921
2156,max,1000,0,0.75,3,922
2157,max,1000,0,0.75,3,923
2158,max,1000,0,0.75,3,924
2159,max,1000,0,0.75,3,925
2160,max,1000,0,0.75,3,926
2161,max,1000,0,0.75,3,927
2162,max,1000,0,0.75,3,928
2163,max,1000,0,0.75,3,929
2164,max,1000,0,0.75,3,930
2165,max,1000,0,0.75,3,931
2166,max,1000,0,0.75,3,932
2167,max,1000,0,0.75,3,933
2168,max,1000,0,0.75,3,934
2169,max,1000,0,0.75,3,935
2170,max,1000,0,0.75,3,936
2171,max,1000,0,0.75,3,937
2172,max,1000,0,0.75,3,938
2173,max,1000,0,0.75,3,939
2174,max,1000,0,0.75,3,940
2175,max,1000,0,0.75,3,941
2176,max,1000,0,0.75,3,942
2177,max,1000,0,0.75,3,943
2178,max,1000,0,0.75,3,944
2179,max,1000,0,0.75,3,945
2180,max,1000,0,0.75,3,946
2181,max,1000,0,0.75,3,947
2182,max,1000,0,0.75,3,948
2183,max,1000,0,0.75,3,949
2184,max,1000,0,0.75,3,950
2185,max,1000,0,0.75,3,951
2186,max,1000,0,0.75,3,952
2187,max,1000,0,0.75,3,953
2188,max,1000,0,0.75,3,954
2189,max,1000,0,0.75,3,955
2190,max,1000,0,0.75,3,956
2191,max,1000,0,0.75,3,957
2192,max,1000,0,0.75,3,958
2193,max,1000,0,0.75,3,959
2194,max,1000,0,0.75,3,960
2195,max,1000,0,0.75,3,961
2196,max,1000,0,0.75,3,962
2197,max,1000,0,0.75,3,963
2198,max,1000,0,0.75,3,964
2199,max,1000,0,0.75,3,965
2200,max,1000,0,0.75,3,966
2201,max,1000,0,0.75,3,967
2202,max,1000,0,0.75,3,968
2203,max,1000,0,0.75,3,969
2204,max,1000,0,0.75,3,970
2205,max,1000,0,0.75,3,971
2206,max,1000,0,0.75,3,972
2207,max,1000,0,0.75,3,973
2208,max,1000,0,0.75,3,974
2209,max,1000,0,0.75,3,975
2210,max,1000,0,0.75,3,976
2211,max,1000,0,0.75,3,977
2212,max,1000,0,0.75,3,978
2213,max,1000,0,0.75,3,979
2214,max,1000,0,0.75,3,980
2215,max,1000,0,0.75,3,981
2216,max,1000,0,0.75,3,982
2217,max,1000,0,0.75,3,983
2218,max,1000,0,0.75,3,984
2219,max,1000,0,0.75,3,985
2220,max,1000,0,0.75,3,986
2221,max,1000,0,0.75,3,987
2222,max,1000,0,0.75,3,988
2223,max,1000,0,0.75,3,989
2224,max,1000,0,0.75,3,990
2225,max,1000,0,0.75,3,991
2226,max,1000,0,0.75,3,992
2227,max,1000,0,0.75,3,993
2228,max,1000,0,0.75,3,994
2229,max,1000,0,0.75,3,995
2230,max,1000,0,0.75,3,996
2231,max,1000,0,0.75,3,997
2232,max,1000,0,0.75,3,998
2233,max,1000,0,0.75,3,999
2234,dead,2,1,0.75,20,0
2235,dead,2,1,0.75,5,1
2236,dead,2,1,0.75,0,2
2237,dead,3,2,0.75,18,0
2238,dead,3,2,0.75,7,1
2239,dead,3,2,0.75,2,2
2240,dead,3,2,0.75,0,3
2241,dead,18,0,0.8,18,0
2242,dead,18,0,0.8,8,1
2243,dead,18,0,0.8,8,2
2244,dead,18,0,0.8,7,3
2245,dead,18,0,0.8,7,4
2246,dead,18,0,0.8,7,5
2247,dead,18,0,0.8,7,6
2248,dead,18,0,0.8,9,7
2249,dead,18,0,0.8,8,8
2250,dead,18,0,0.8,9,9
2251,dead,18,0,0.8,12,10
2252,dead,18,0,0.8,11,11
2253,dead,18,0,0.8,16,12
2254,dead,18,0,0.8,8,13
2255,dead,18,0,0.8,6,14
2256,dead,18,0,0.8,5,15
2257,dead,18,0,0.8,3,16
2258,dead,18,0,0.8,2,17
2259,dead,18,0,0.8,0,18
2260,dead,2,1,0.8,21,0
2261,dead,2,1,0.8,5,1
2262,dead,2,1,0.8,0,2
2263,dead,2,2,0.8,20,0
2264,dead,2,2,0.8,5,1
2265,dead,2,2,0.8,0,2
2266,dead,2,0,0.85,21,0
2267,dead,2,0,0.85,5,1
2268,dead,2,0,0.85,0,2
2269,dead,2,1,0.85,24,0
2270,dead,2,1,0.85,4,1
2271,dead,2,1,0.85,0,2
2272,dead,2,2,0.85,22,0
2273,dead,2,2,0.85,4,1
2274,dead,2,2,0.85,0,2
2275,dead,2,0,0.9,24,0
2276,dead,2,0,0.9,4,1
2277,dead,2,0,0.9,0,2
2278,dead,2,1,0.9,25,0
2279,dead,2,1,0.9,4,1
2280,dead,2,1,0.9,0,2
2281,dead,2,2,0.9,23,0
2282,dead,2,2,0.9,4,1
2283,dead,2,2,0.9,0,2
2284,dead,2,0,0.95,25,0
2285,dead,2,0,0.95,4,1
2286,dead,2,0,0.95,0,2
2287,dead,2,1,0.95,24,0
2288,dead,2,1,0.95,4,1
2289,dead,2,1,0.95,0,2
2290,dead,2,2,0.95,22,0
2291,dead,2,2,0.95,6,1
2292,dead,2,2,0.95,0,2
