"Date","AAPL","TSLA","NVDA","AMZN","MSFT","META","GOOGL","BRK.B","XOM","PFE","S.P.500"
2023-01-03,123.904632568359,108.099998474121,14.3055801391602,85.8199996948242,236.183532714844,124.365547180176,88.8998718261719,309.910003662109,100.414604187012,46.9281959533691,3824.13989257812
2023-01-04,125.182609558105,113.639999389648,14.7392959594727,85.1399993896484,225.852111816406,126.987663269043,87.862434387207,314.549987792969,100.70686340332,45.8936882019043,3852.96997070312
2023-01-05,123.855102539062,110.339996337891,14.255615234375,83.120002746582,219.158355712891,126.558952331543,85.9870834350586,312.899993896484,102.960098266602,45.4634094238281,3808.10009765625
2023-01-06,128.412231445312,113.059997558594,14.8492231369019,86.0800018310547,221.741195678711,129.629699707031,87.1242599487305,318.690002441406,104.204551696777,46.6169281005859,3895.080078125
2023-01-09,128.937286376953,119.769996643066,15.6177186965942,87.3600006103516,223.900146484375,129.081344604492,87.8025817871094,315.529998779297,102.262451171875,44.3007354736328,3892.09008789062
2023-01-10,129.511871337891,118.849998474121,15.8985328674316,89.870002746582,225.60563659668,132.590774536133,88.2015914916992,316.350006103516,103.789733886719,43.5957984924316,3919.25
2023-01-11,132.246170043945,123.220001220703,15.9904708862305,95.0899963378906,232.427536010742,132.491088867188,91.2939376831055,320.369995117188,104.996490478516,43.4401702880859,3969.61010742188
2023-01-12,132.166900634766,123.559997558594,16.5001335144043,95.2699966430664,235.128692626953,136.299621582031,90.904899597168,318.929992675781,106.740608215332,43.6781921386719,3983.169921875
2023-01-13,133.504348754883,122.400001525879,16.8878803253174,98.120002746582,235.838485717773,136.568801879883,91.892463684082,317.640014648438,106.674613952637,43.8063659667969,3999.09008789062
2023-01-17,134.673355102539,131.490005493164,17.6903533935547,96.0500030517578,236.942596435547,134.953659057617,91.0645141601562,314.859985351562,106.467208862305,42.1859474182129,3990.96997070312
2023-01-18,133.950134277344,128.779998779297,17.3655662536621,95.4599990844727,232.46696472168,132.620681762695,90.8949356079102,308.299987792969,104.279983520508,41.197208404541,3928.86010742188
2023-01-19,134.009582519531,127.169998168945,16.7539672851562,93.6800003051758,228.641967773438,135.741287231445,92.8201675415039,305.230010986328,104.949348449707,41.160587310791,3898.85009765625
2023-01-20,136.585357666016,133.419998168945,17.8272609710693,97.25,236.814453125,138.951629638672,97.7778854370117,309.869995117188,106.863166809082,41.2979125976562,3972.61010742188
2023-01-23,139.795181274414,143.75,19.1803722381592,97.5199966430664,239.141006469727,142.839935302734,99.5435180664062,310.420013427734,106.306930541992,41.178897857666,4019.81005859375
2023-01-24,141.201950073242,143.889999389648,19.2523231506348,96.3199996948242,238.608642578125,142.710311889648,97.4586715698242,311.299987792969,107.296829223633,40.9317169189453,4016.94995117188
2023-01-25,140.538177490234,144.429992675781,19.3102874755859,97.1800003051758,237.19889831543,141.075241088867,94.9848022460938,311.899993896484,106.731178283691,41.2612915039062,4016.21997070312
2023-01-26,142.618621826172,160.270004272461,19.7889709472656,99.2200012207031,244.484146118164,146.857833862305,97.2791213989258,310.950012207031,111.020790100098,40.8824996948242,4060.42993164062
2023-01-27,144.570251464844,177.899993896484,20.351598739624,102.23999786377,244.641876220703,151.28450012207,99.1245574951172,309.170013427734,108.993827819824,40.4575042724609,4070.56005859375
2023-01-30,141.667572021484,166.660003662109,19.149393081665,100.550003051758,239.269149780273,146.618545532227,96.700553894043,307.329986572266,107.061157226562,40.235767364502,4017.77001953125
2023-01-31,142.945541381836,173.220001220703,19.5241470336914,103.129997253418,244.296829223633,148.522827148438,98.5958633422852,311.519989013672,109.370948791504,40.7993431091309,4076.60009765625
2023-02-01,144.074905395508,181.410003662109,20.929220199585,105.150001525879,249.166809082031,152.660354614258,100.181938171387,310.570007324219,108.173606872559,40.6238059997559,4119.2099609375
2023-02-02,149.414703369141,188.270004272461,21.6947154998779,112.910003662109,260.848815917969,188.203338623047,107.473876953125,311.859985351562,104.7890625,40.965648651123,4179.759765625
2023-02-03,153.060409545898,189.979995727539,21.0861167907715,103.389999389648,254.687438964844,185.970062255859,104.521186828613,308.510009765625,105.515007019043,40.706958770752,4136.47998046875
2023-02-06,150.316223144531,194.759994506836,21.0751247406006,102.180000305176,253.129791259766,185.501480102539,102.64582824707,308.429992675781,105.335876464844,40.4297828674316,4111.080078125
2023-02-07,153.209014892578,196.809997558594,22.1584129333496,102.110000610352,263.766876220703,191.044784545898,107.374122619629,312.970001220703,108.343322753906,40.2727203369141,4164
2023-02-08,150.504455566406,201.289993286133,22.1903896331787,100.050003051758,262.948669433594,182.879379272461,99.1245574951172,308.480010986328,107.400550842285,40.6330451965332,4117.85986328125
2023-02-09,149.464233398438,207.320007324219,22.3223037719727,98.2399978637695,259.882720947266,177.385925292969,94.7753219604492,307.209991455078,107.805931091309,40.0417518615723,4081.5
2023-02-10,149.831344604492,196.889999389648,21.2510089874268,97.6100006103516,259.370056152344,173.627212524414,94.3364028930664,309.890014648438,112.35009765625,40.5406532287598,4090.4599609375
2023-02-13,152.649185180664,194.639999389648,21.77366065979,99.5400009155273,267.473571777344,178.891372680664,94.3763122558594,313.739990234375,111.9130859375,40.6422882080078,4137.2900390625
2023-02-14,152.004241943359,209.25,22.9558849334717,99.6999969482422,268.311492919922,178.941223144531,94.4461364746094,310.790008544922,110.602043151855,40.3928337097168,4136.1298828125
2023-02-15,154.117645263672,214.240005493164,22.7490177154541,101.160003662109,266.166931152344,176.628189086914,96.700553894043,309.630004882812,110.26953125,40.0232696533203,4147.60009765625
2023-02-16,152.510284423828,202.039993286133,21.9875240325928,98.1500015258789,259.080841064453,171.922348022461,95.2740859985352,308.179992675781,109.946533203125,39.6814308166504,4090.40991210938
2023-02-17,151.359329223633,208.309997558594,21.3739280700684,97.1999969482422,255.038757324219,172.361053466797,94.1169509887695,308.239990234375,105.71891784668,39.9216423034668,4079.09008789062
2023-02-21,147.321090698242,197.369995117188,20.6414089202881,94.5800018310547,249.711837768555,171.563446044922,91.5632781982422,302.720001220703,105.614395141602,39.4504508972168,3997.34008789062
2023-02-22,147.74772644043,200.860000610352,20.7403450012207,95.7900009155273,248.565414428711,170.606323242188,91.4236221313477,303.160003662109,104.246383666992,39.1548042297363,3991.05004882812
2023-02-23,148.233917236328,202.070007324219,23.6484260559082,95.8199996948242,251.787246704102,171.523544311523,90.6654968261719,303.070007324219,105.205894470215,39.0808944702148,4012.32006835938
2023-02-24,145.564910888672,196.880004882812,23.270679473877,93.5,246.302230834961,169.878524780273,88.9098434448242,304.019989013672,105.215408325195,38.57275390625,3970.0400390625
2023-02-27,146.765472412109,207.630004882812,23.4855327606201,93.7600021362305,247.231216430664,169.031051635742,89.6480178833008,304.660003662109,105.025398254395,37.6765670776367,3982.23999023438
2023-02-28,146.25944519043,205.710006713867,23.2007236480713,94.2300033569336,246.499893188477,174.414855957031,89.8375473022461,305.179992675781,104.417381286621,37.482551574707,3970.14990234375
2023-03-01,144.175842285156,202.770004272461,22.6830635070801,92.1699981689453,243.386779785156,172.899429321289,90.1368103027344,304.619995117188,105.34839630127,37.1222343444824,3951.38989257812
2023-03-02,144.771148681641,190.899993896484,23.2986602783203,92.129997253418,248.17008972168,174.006103515625,91.7727508544922,307.75,105.832916259766,37.5287437438965,3981.35009765625
2023-03-03,149.851181030273,197.789993286133,23.8742809295654,94.9000015258789,252.301162719727,184.693908691406,93.4186782836914,312.450012207031,107.172454833984,38.0184097290039,4045.63989257812
2023-03-06,152.629348754883,193.809997558594,23.538501739502,93.75,253.862670898438,184.344955444336,94.89501953125,316.970001220703,108.122467041016,37.9814567565918,4048.419921875
2023-03-07,150.416748046875,187.710006713867,23.2766284942627,93.5500030517578,251.174499511719,183.956130981445,93.6281661987305,311.119995117188,106.032432556152,37.2700538635254,3986.3701171875
2023-03-08,151.676818847656,182,24.1691932678223,93.9199981689453,250.729766845703,184.414764404297,94.0171966552734,311.369995117188,104.48388671875,37.0667953491211,3992.01000976562
2023-03-09,149.414611816406,172.919998168945,23.4245586395264,92.25,249.365936279297,181.144592285156,92.0919647216797,304.820007324219,103.676361083984,36.4570236206055,3918.32006835938
2023-03-10,147.340957641602,173.440002441406,22.953784942627,90.7300033569336,245.679626464844,178.971130371094,90.406135559082,303.630004882812,102.393821716309,36.3923492431641,3861.59008789062
2023-03-13,149.295562744141,174.479995727539,22.9547843933105,92.4300003051758,250.947189331055,180.356964111328,90.8849563598633,302.880004882812,101.215789794922,36.8265838623047,3855.76000976562
2023-03-14,151.399017333984,183.259994506836,24.0512504577637,94.879997253418,257.736785888672,193.437576293945,93.7378921508789,305.329986572266,101.595802307129,36.8635368347168,3919.2900390625
2023-03-15,151.795883178711,180.449996948242,24.2161731719971,96.1999969482422,262.332336425781,197.156387329102,95.8726043701172,297.880004882812,96.5416641235352,37.2146186828613,3891.92993164062
2023-03-16,154.633575439453,184.130004882812,25.528528213501,100.040000915527,272.966339111328,204.314819335938,100.072204589844,302.010009765625,95.9811553955078,37.2977676391602,3960.28002929688
2023-03-17,153.790191650391,180.130004882812,25.7124404907227,98.9499969482422,276.158538818359,195.022811889648,101.368995666504,293.510009765625,94.8506011962891,37.0483131408691,3916.63989257812
2023-03-20,156.171463012695,183.25,25.8873558044434,97.7099990844727,269.042846679688,197.216217041016,100.969985961914,301.059997558594,97.3301849365234,37.704288482666,3951.57006835938
2023-03-21,158.036804199219,197.580001831055,26.1862087249756,100.610000610352,270.574645996094,201.553146362305,104.660842895508,303.850006103516,101.690811157227,37.5656967163086,4002.8701171875
2023-03-22,156.598114013672,191.149993896484,26.4550762176514,98.6999969482422,269.102111816406,199.210205078125,103.114677429199,299.730010986328,99.3632431030273,36.9651679992676,3936.96997070312
2023-03-23,157.689514160156,192.220001220703,27.1777229309082,98.7099990844727,274.409240722656,203.666778564453,105.339164733887,298.369995117188,98.2422103881836,37.1222343444824,3948.71997070312
2023-03-24,158.999237060547,190.410003662109,26.7659244537354,98.129997253418,277.285217285156,205.391571044922,105.179565429688,298.920013427734,98.3562088012695,37.3162460327148,3970.98999023438
2023-03-27,157.044616699219,191.809997558594,26.5180473327637,98.0400009155273,273.144256591797,202.231094360352,102.206924438477,302.140014648438,100.51277923584,37.1591873168945,3977.53002929688
2023-03-28,156.419509887695,189.190002441406,26.3971061706543,97.2399978637695,272.007720947266,200.077575683594,100.780448913574,302.320007324219,101.766799926758,36.9466934204102,3971.27001953125
2023-03-29,159.515182495117,193.880004882812,26.9708232879639,100.25,277.225921630859,204.733581542969,101.139556884766,305.299987792969,103.514846801758,37.1869049072266,4027.81005859375
2023-03-30,161.092742919922,195.279998779297,27.36962890625,102,280.724426269531,207.216079711914,100.64079284668,305.079986572266,104.018371582031,37.3070106506348,4050.830078125
2023-03-31,163.612930297852,207.460006713867,27.7634391784668,103.290000915527,284.924652099609,211.303787231445,103.473785400391,308.769989013672,104.179870605469,37.6950454711914,4109.31005859375
2023-04-03,164.873001098633,194.770004272461,27.9513473510742,102.410003662109,283.867218017578,212.430404663086,104.102226257324,310.309997558594,110.326538085938,38.2031898498535,4124.509765625
2023-04-04,164.33723449707,192.580001831055,27.4395961761475,103.949996948242,283.817810058594,214.075439453125,104.461334228516,309.070007324219,109.272003173828,37.7874374389648,4100.60009765625
2023-04-05,162.481811523438,185.520004272461,26.8678760528564,101.099998474121,281.011047363281,210.845169067383,104.211959838867,310.390014648438,111.1435546875,38.3879699707031,4090.3798828125
2023-04-06,163.374801635742,185.059997558594,27.0237998962402,102.059997558594,288.186065673828,215.451309204102,108.152198791504,312.510009765625,109.300521850586,38.3417816162109,4105.02001953125
2023-04-10,160.765335083008,184.509994506836,27.5655345916748,102.169998168945,286.001953125,214.105361938477,106.177093505859,312.619995117188,108.815994262695,38.554271697998,4109.10986328125
2023-04-11,159.544937133789,186.789993286133,27.1557350158691,99.9199981689453,279.518707275391,213.208068847656,105.089775085449,313.700012207031,109.585517883301,38.6097068786621,4108.93994140625
2023-04-12,158.850402832031,180.539993286133,26.4820652008057,97.8300018310547,280.171020507812,213.35758972168,104.381530761719,314.549987792969,109.471534729004,38.2216720581055,4091.94995117188
2023-04-13,164.267761230469,185.899993896484,26.4500770568848,102.400001525879,286.446655273438,219.688552856445,107.164642333984,318.049987792969,109.984527587891,38.3140640258789,4146.22021484375
2023-04-14,163.920516967773,185,26.7449340820312,102.51000213623,282.7900390625,220.825134277344,108.601081848145,319.739990234375,110.250541687012,38.0553665161133,4137.64013671875
2023-04-17,163.940353393555,187.039993286133,26.9888172149658,102.73999786377,285.418823242188,218.203018188477,105.708251953125,323.790008544922,108.968002319336,38.0461273193359,4151.31982421875
2023-04-18,165.170669555664,184.309997558594,27.6534900665283,102.300003051758,284.993835449219,217.235931396484,104.241882324219,324.630004882812,111.096069335938,37.4640731811523,4154.8701171875
2023-04-19,166.321640014648,180.589996337891,27.9173641204834,104.300003051758,285.072967529297,215.052490234375,103.922668457031,323.089996337891,110.744552612305,37.177661895752,4154.52001953125
2023-04-20,165.349273681641,162.990005493164,27.0907688140869,103.809997558594,282.760314941406,212.430404663086,105.029930114746,323.820007324219,109.861030578613,36.8173370361328,4129.7900390625
2023-04-21,163.731994628906,165.080001831055,27.1057586669922,106.959999084473,282.414428710938,212.250946044922,105.149635314941,324.329986572266,110.212547302246,37.1499443054199,4133.52001953125
2023-04-24,164.039581298828,162.550003051758,27.0287952423096,106.209999084473,278.471099853516,212.151229858398,105.708251953125,326.049987792969,112.293090820312,36.8727760314941,4137.0400390625
2023-04-25,162.491760253906,160.669998168945,26.2281856536865,102.569999694824,272.195495605469,206.926956176758,103.593482971191,324.339996337891,110.697044372559,36.3369216918945,4071.6298828125
2023-04-26,162.481811523438,153.75,26.9428386688232,104.980003356934,291.911926269531,208.771408081055,103.453834533691,320.529998779297,109.680511474609,35.6901893615723,4055.98999023438
2023-04-27,167.09553527832,160.190002441406,27.2127075195312,109.819999694824,301.261169433594,237.843872070312,107.324249267578,326.230010986328,110.991561889648,35.7918243408203,4135.35009765625
2023-04-28,168.355606079102,164.309997558594,27.7354526519775,105.449996948242,303.662689208984,239.598602294922,107.074859619141,328.549987792969,112.426094055176,35.9304008483887,4169.47998046875
2023-05-01,168.266326904297,161.830001831055,28.8958854675293,102.050003051758,301.982635498047,242.449996948242,106.935203552246,330.170013427734,108.939498901367,36.2260475158691,4167.8701171875
2023-05-02,167.224517822266,160.309997558594,28.1962261199951,103.629997253418,301.834381103516,238.521835327148,105.059852600098,325.859985351562,104.597877502441,36.0874633789062,4119.580078125
2023-05-03,166.143035888672,160.610000610352,27.7884254455566,103.650001525879,300.836181640625,236.318481445312,105.149635314941,323.220001220703,102.536323547363,35.5238876342773,4090.75
2023-05-04,164.496002197266,161.199996948242,27.5485420227051,104,301.834381103516,232.81901550293,104.431419372559,320,100.740783691406,35.3206329345703,4061.21997070312
2023-05-05,172.215255737305,170.059997558594,28.6659984588623,105.660003662109,307.012969970703,232.08122253418,105.309234619141,323.880004882812,103.24885559082,35.5608444213867,4136.25
2023-05-08,172.145782470703,171.789993286133,29.1367664337158,105.830001831055,305.036437988281,232.569763183594,107.503799438477,326.140014648438,103.657371520996,35.7271385192871,4138.1201171875
2023-05-09,170.429321289062,169.149993896484,28.5570487976074,106.620002746582,303.405731201172,232.66943359375,107.084838867188,324.869995117188,103.685852050781,35.5516052246094,4119.169921875
2023-05-10,172.205337524414,168.539993286133,28.8708992004395,110.190002441406,308.653564453125,232.380340576172,111.473976135254,322.989990234375,102.355819702148,35.3852996826172,4137.64013671875
2023-05-11,172.393859863281,172.080001831055,28.5640468597412,112.180000305176,306.479339599609,235.082183837891,116.282066345215,322.640014648438,100.503273010254,35.0957984924316,4130.6201171875
2023-05-12,171.459899902344,167.979995727539,28.3261623382568,110.26000213623,305.352691650391,233.108139038086,117.219741821289,322.489990234375,100.493766784668,34.8809967041016,4124.080078125
2023-05-15,170.963119506836,166.350006103516,28.9388637542725,111.199996948242,305.836944580078,238.142990112305,116.222213745117,323.529998779297,100.685424804688,34.703556060791,4136.27978515625
2023-05-16,170.963119506836,166.520004272461,29.1987361907959,113.400001525879,308.090301513672,238.103118896484,119.214805603027,323.75,98.2418365478516,34.5634727478027,4109.89990234375
2023-05-17,171.579147338867,173.860000610352,30.1632671356201,115.5,311.002197265625,241.762084960938,120.541519165039,327.390014648438,100.445846557617,34.3206558227539,4158.77001953125
2023-05-18,173.923934936523,176.889999389648,31.6625308990479,118.150001525879,315.47900390625,246.109008789062,122.52660369873,329.760009765625,101.35620880127,34.0685081481934,4198.0498046875
2023-05-19,174.033248901367,180.139999389648,31.2487354278564,116.25,315.30078125,244.902633666992,122.45677947998,330.390014648438,101.82576751709,34.3393402099609,4191.97998046875
2023-05-22,173.079406738281,188.869995117188,31.1607799530029,115.01000213623,318.113647460938,247.574600219727,124.741119384766,329.130004882812,100.589599609375,36.1884498596191,4192.6298828125
2023-05-23,170.456390380859,185.770004272461,30.6730155944824,114.98999786377,312.250183105469,245.999328613281,122.257263183594,323.109985351562,101.959930419922,37.0196189880371,4145.580078125
2023-05-24,170.734603881836,182.899993896484,30.5230884552002,116.75,310.853637695312,248.4619140625,120.601371765137,320.200012207031,103.100257873535,36.0763854980469,4115.240234375
2023-05-25,171.877212524414,184.470001220703,37.9614601135254,115,322.808410644531,251.93147277832,123.175003051758,319.019989013672,101.25080871582,35.329273223877,4151.27978515625
2023-05-26,174.301513671875,193.169998168945,38.9269866943359,120.110000610352,329.711883544922,261.253387451172,124.302207946777,320.600006103516,100.589599609375,35.1144714355469,4205.4501953125
2023-05-30,176.159469604492,201.160003662109,40.0914192199707,121.660003662109,328.047912597656,261.73193359375,123.364532470703,322.190002441406,99.6984100341797,34.5634727478027,4205.52001953125
2023-05-31,176.109802246094,203.929992675781,37.8155288696289,120.580001831055,325.254821777344,263.925354003906,122.566513061523,321.079986572266,97.9160232543945,35.506706237793,4179.830078125
2023-06-01,178.931518554688,207.520004272461,39.7505798339844,122.769996643066,329.404815673828,271.791656494141,123.414405822754,323.119995117188,99.0467834472656,35.506706237793,4221.02001953125
2023-06-02,179.785980224609,213.970001220703,39.3077964782715,124.25,332.197845458984,271.791656494141,124.36205291748,329.480010986328,101.346633911133,35.8242340087891,4282.3701171875
2023-06-05,178.4248046875,217.610000610352,39.1518745422363,125.300003051758,332.732757568359,270.575347900391,125.698753356934,328.579986572266,100.89624786377,36.0950660705566,4273.7900390625
2023-06-06,178.057205200195,221.309997558594,38.6351318359375,126.610000610352,330.494323730469,270.306121826172,126.995536804199,333.410003662109,101.720352172852,35.8335723876953,4283.85009765625
2023-06-07,176.676132202148,224.570007324219,37.460578918457,121.230003356934,320.292633056641,262.808746337891,122.197418212891,335.420013427734,104.001037597656,36.3191947937012,4267.52001953125
2023-06-08,179.408447265625,234.860000610352,38.4951820373535,124.25,322.154724121094,263.785766601562,121.838310241699,335.950012207031,103.675231933594,36.5059776306152,4293.93017578125
2023-06-09,179.795944213867,244.399993896484,38.7550811767578,123.430000305176,323.670104980469,264.154663085938,121.928092956543,335.290008544922,102.90860748291,36.3939094543457,4298.85986328125
2023-06-12,182.607727050781,249.830001831055,39.4668083190918,126.569999694824,328.681762695312,270.236358642578,123.334602355957,333.600006103516,101.97908782959,37.2624320983887,4338.93017578125
2023-06-13,182.130813598633,258.709991455078,41.0062141418457,126.660003662109,331.098480224609,270.505554199219,123.524139404297,336.390014648438,101.998245239258,37.6173095703125,4369.009765625
2023-06-14,182.766708374023,256.790008544922,42.9804534912109,126.419998168945,334.119354248047,272.529449462891,123.364532470703,335.899993896484,100.771667480469,36.758129119873,4372.58984375
2023-06-15,184.813446044922,255.899993896484,42.636589050293,127.110000610352,344.776641845703,280.983978271484,124.78101348877,339.820007324219,101.471199035645,37.1223449707031,4425.83984375
2023-06-16,183.730453491211,260.540008544922,42.6755714416504,125.48999786377,339.061737060547,280.156494140625,123.224876403809,338.309997558594,100.74291229248,37.4118576049805,4409.58984375
2023-06-20,183.819885253906,274.450012207031,43.7911415100098,125.779998779297,334.822601318359,283.476470947266,122.795936584473,338.670013427734,98.4334945678711,36.7394485473633,4388.7099609375
2023-06-21,182.776641845703,259.459991455078,43.028434753418,124.830001831055,330.375457763672,280.794586181641,120.252235412598,338.609985351562,99.5354995727539,36.328540802002,4365.68994140625
2023-06-22,185.797088623047,264.609985351562,43.0084457397461,130.149993896484,336.466705322266,284.024841308594,122.845817565918,336.959991455078,98.9892807006836,36.1697731018066,4381.89013671875
2023-06-23,185.479141235352,256.600006103516,42.1927604675293,129.330001831055,331.821502685547,287.863311767578,122.037803649902,335.25,98.1268463134766,35.7681922912598,4348.330078125
2023-06-26,184.078201293945,241.050003051758,40.6163635253906,127.330001831055,325.462829589844,277.634063720703,118.04768371582,334.119995117188,99.9379730224609,34.4514045715332,4328.81982421875
2023-06-27,186.850250244141,250.210006713867,41.8598861694336,129.179992675781,331.375823974609,286.188293457031,118.037719726562,335.339996337891,100.187126159668,34.0124740600586,4378.41015625
2023-06-28,188.032608032227,256.239990234375,41.1011772155762,129.039993286133,332.643615722656,284.43359375,119.883148193359,334.149993896484,101.001655578613,33.8910713195801,4376.85986328125
2023-06-29,188.370407104492,257.5,40.8062896728516,127.900001525879,331.851196289062,280.684875488281,118.805816650391,336.910003662109,102.247398376465,33.732307434082,4396.43994140625
2023-06-30,192.722229003906,261.769989013672,42.2857208251953,130.360000610352,337.288818359375,286.118499755859,119.404335021973,341,102.774444580078,34.2552909851074,4450.3798828125
2023-07-03,191.221969604492,279.820007324219,42.3966751098633,130.220001220703,334.763122558594,285.161407470703,119.603843688965,342,102.975685119629,34.2272758483887,4455.58984375
2023-07-05,190.099227905273,282.480010986328,42.3007164001465,130.380004882812,334.921630859375,293.486358642578,121.449272155762,341.559997558594,102.44864654541,34.0498313903809,4446.81982421875
2023-07-06,190.576141357422,276.540008544922,42.086799621582,128.360000610352,338.011871337891,291.113494873047,119.813323974609,341.459991455078,98.6251373291016,33.2747001647949,4411.58984375
2023-07-07,189.453399658203,274.429992675781,42.4866409301758,129.779998779297,334.00048828125,289.657867431641,119.184883117676,340.899993896484,98.8551330566406,33.1813087463379,4398.9501953125
2023-07-10,187.396713256836,269.609985351562,42.1637649536133,127.129997253418,328.661956787109,293.217163085938,116.162353515625,341.130004882812,100.321273803711,33.3213882446289,4409.52978515625
2023-07-11,186.870132446289,269.790008544922,42.3886795043945,128.779998779297,329.295867919922,297.394561767578,116.850662231445,343.369995117188,101.547866821289,33.638916015625,4439.259765625
2023-07-12,188.549255371094,271.989990234375,43.8851051330566,130.800003051758,333.980743408203,308.411376953125,118.636238098145,345.350006103516,102.046173095703,33.6109008789062,4472.16015625
2023-07-13,189.314300537109,277.899993896484,45.9593086242676,134.300003051758,339.388580322266,312.469177246094,124.232383728027,343.540008544922,100.177551269531,33.67626953125,4510.0400390625
2023-07-14,189.463363647461,281.380004882812,45.4514999389648,134.679992675781,341.943908691406,307.942840576172,125.110206604004,341.089996337891,96.7277679443359,33.9190864562988,4505.419921875
2023-07-17,192.742126464844,290.380004882812,46.4431228637695,133.559997558594,342.429260253906,309.687561035156,124.342109680176,344.25,97.1493988037109,33.4894905090332,4522.7900390625
2023-07-18,192.483795166016,293.339996337891,47.4757270812988,132.830001831055,356.057891845703,311.113250732422,123.454307556152,345.339996337891,96.7086029052734,33.8443717956543,4554.97998046875
2023-07-19,193.844970703125,291.260009765625,47.0588836669922,135.360000610352,351.689971923828,315.061401367188,121.728576660156,342.429992675781,97.37939453125,34.0311431884766,4565.72021484375
2023-07-20,191.887649536133,262.899993896484,45.5024795532227,129.960006713867,343.558410644531,301.611877441406,118.905563354492,346.609985351562,99.0946960449219,34.3393402099609,4534.8701171875
2023-07-21,190.705307006836,260.019989013672,44.2919464111328,130,340.487945556641,293.376678466797,119.723541259766,345.760009765625,99.5546569824219,34.9276962280273,4536.33984375
2023-07-24,191.510101318359,269.059997558594,44.5948333740234,128.800003051758,341.815185546875,290.734619140625,121.22981262207,349.630004882812,101.116645812988,35.0304183959961,4554.64013671875
2023-07-25,192.374465942383,265.279998779297,45.6614265441895,129.130004882812,347.629180908203,293.586059570312,121.908134460449,347.579986572266,101.269966125488,34.6101684570312,4567.4599609375
2023-07-26,193.248840332031,264.350006103516,45.434513092041,128.149993896484,334.545227050781,297.673767089844,128.950698852539,349.799987792969,100.704582214355,34.7502555847168,4566.75
2023-07-27,191.977081298828,255.710006713867,45.8823394775391,128.25,327.562561035156,310.774261474609,129.080368041992,349.309997558594,101.020820617676,34.1836738586426,4537.41015625
2023-07-28,194.570266723633,266.440002441406,46.7320137023926,132.210006713867,335.139526367188,324.502960205078,132.252517700195,349.809997558594,99.8134078979492,34.0609092712402,4582.22998046875
2023-07-31,195.186264038086,267.429992675781,46.7110137939453,133.679992675781,332.712951660156,317.643615722656,132.392181396484,351.959991455078,102.764869689941,34.0514678955078,4588.9599609375
2023-08-01,194.351699829102,261.070007324219,46.4891014099121,131.690002441406,333.12890625,321.741271972656,131.225067138672,352.260009765625,102.170738220215,33.626537322998,4576.72998046875
2023-08-02,191.341186523438,254.110000610352,44.2519645690918,128.210006713867,324.373321533203,313.366485595703,128.062896728516,351.190002441406,100.89624786377,33.3810157775879,4513.39013671875
2023-08-03,189.940246582031,259.320007324219,44.4978713989258,128.910003662109,323.541351318359,312.249847412109,128.132720947266,353.809997558594,102.649871826172,33.0505104064941,4501.89013671875
2023-08-04,180.819320678711,253.860000610352,44.6628074645996,139.570007324219,324.650634765625,309.797241210938,127.793556213379,349.989990234375,102.937347412109,33.0693969726562,4478.02978515625
2023-08-07,177.699523925781,251.449996948242,45.3995246887207,142.220001220703,326.958374023438,315.609741210938,131.205108642578,362.579986572266,102.726531982422,33.6926345825195,4518.43994140625
2023-08-08,178.64338684082,249.699996948242,44.6468200683594,139.940002441406,322.937164306641,311.701507568359,131.075424194336,363.730010986328,103.234420776367,33.6548614501953,4499.3798828125
2023-08-09,177.043762207031,242.190002441406,42.5376281738281,137.850006103516,319.153656005859,304.293823242188,129.339736938477,358.019989013672,104.988059997559,33.8437232971191,4467.7099609375
2023-08-10,176.825180053711,245.339996337891,42.3716926574707,138.559997558594,319.846954345703,304.822204589844,129.369674682617,356.980010986328,105.524681091309,33.730411529541,4468.830078125
2023-08-11,176.884857177734,242.649993896484,40.839282989502,138.410003662109,317.945281982422,300.734527587891,129.239974975586,358.350006103516,107.163330078125,34.0325813293457,4464.0498046875
2023-08-14,178.546371459961,239.759994506836,43.7361602783203,140.570007324219,320.946319580078,305.270904541016,131.005599975586,358.480010986328,107.249572753906,34.0609092712402,4489.72021484375
2023-08-15,176.546585083008,232.960006713867,43.9230918884277,137.669998168945,318.787139892578,301.043609619141,129.459442138672,354.5,104.496116638184,33.4187889099121,4437.85986328125
2023-08-16,175.67106628418,225.600006103516,43.4692649841309,135.070007324219,318.012969970703,293.406585693359,128.382110595703,354.109985351562,102.737762451172,33.5037727355957,4404.330078125
2023-08-17,173.114151000977,219.220001220703,43.327320098877,133.979995727539,314.519226074219,284.234222412109,129.599090576172,353.190002441406,104.727989196777,34.4764022827148,4370.35986328125
2023-08-18,173.601669311523,215.490005493164,43.2823371887207,133.220001220703,314.122222900391,282.399749755859,127.145164489746,352.559997558594,106.312438964844,34.6180458068848,4369.7099609375
2023-08-21,174.944793701172,231.279998779297,46.9489288330078,134.679992675781,319.481964111328,289.029754638672,128.052917480469,352.089996337891,105.027481079102,34.9485511779785,4399.77001953125
2023-08-22,176.327697753906,233.190002441406,45.6504249572754,134.25,320.0576171875,286.736663818359,128.761169433594,350.570007324219,104.438140869141,34.7880249023438,4387.5498046875
2023-08-23,180.197906494141,236.860000610352,47.0978736877441,135.520004272461,324.563812255859,293.356750488281,132.043029785156,354.260009765625,103.520332336426,34.6180458068848,4436.009765625
2023-08-24,175.482055664062,230.039993286133,47.1448516845703,131.839996337891,317.586181640625,285.889221191406,129.459442138672,354.299987792969,102.747421264648,34.1458969116211,4376.31005859375
2023-08-25,177.700698852539,238.589996337891,46.0002899169922,133.259994506836,320.573760986328,284.643005371094,129.559188842773,355.929992675781,104.583068847656,34.3536415100098,4405.7099609375
2023-08-28,179.272659301758,238.820007324219,46.8169784545898,133.139999389648,321.288391113281,289.388702392578,130.686386108398,355.549987792969,105.462249755859,34.1931114196777,4433.31005859375
2023-08-29,183.182632446289,257.179992675781,48.7652282714844,134.910003662109,325.963287353516,297.095489501953,134.237609863281,358.290008544922,106.090217590332,34.1364593505859,4497.6298828125
2023-08-30,186.694641113281,256.899993896484,49.2450408935547,135.070007324219,326.340484619141,294.214172363281,135.544372558594,361.059997558594,107.123977661133,33.9003791809082,4514.8701171875
2023-08-31,186.913528442383,258.079986572266,49.3360061645508,138.009994506836,325.318176269531,295.001800537109,135.83366394043,360.200012207031,107.423477172852,33.4093437194824,4507.66015625
2023-09-01,188.495468139648,245.009994506836,48.4903335571289,138.119995117188,326.211456298828,295.490325927734,135.324920654297,362.459991455078,109.674545288086,33.7870635986328,4515.77001953125
2023-09-05,188.734222412109,256.489990234375,48.5293159484863,137.270004272461,331.064971923828,299.248992919922,135.434646606445,360.470001220703,109.684204101562,33.4093437194824,4496.830078125
2023-09-06,181.978805541992,251.919998168945,47.0467681884766,135.360000610352,330.400024414062,298.27197265625,134.127883911133,361.670013427734,110.631011962891,32.4556007385254,4465.47998046875
2023-09-07,176.656036376953,251.490005493164,46.2270164489746,137.850006103516,327.452117919922,297.7734375,134.925888061523,361.799987792969,110.089973449707,32.3706130981445,4451.14013671875
2023-09-08,177.272872924805,248.5,45.5582160949707,138.229995727539,331.779632568359,296.995788574219,136.04313659668,363.149993896484,111.693740844727,32.3422889709473,4457.490234375
2023-09-11,178.446853637695,273.579986572266,45.1643333435059,143.100006103516,335.422302246094,306.636749267578,136.581787109375,365.519989013672,110.292869567871,32.0495529174805,4487.4599609375
2023-09-12,175.402450561523,267.480010986328,44.8564262390137,141.229995727539,329.298248291016,300.754486083984,135.005706787109,367.779998779297,113.510063171387,32.2478561401367,4461.89990234375
2023-09-13,173.323089599609,271.299987792969,45.4712448120117,144.850006103516,333.556335449219,304.144256591797,136.372329711914,367.820007324219,112.495635986328,32.181755065918,4467.43994140625
2023-09-14,174.845306396484,276.040008544922,45.5672187805176,144.720001220703,336.176635742188,310.784271240234,137.758895874023,369.5,114.505157470703,32.2478561401367,4505.10009765625
2023-09-15,174.119003295898,274.390014648438,43.8867225646973,140.389999389648,327.759796142578,299.408508300781,137.060607910156,367.859985351562,112.74681854248,32.1723098754883,4450.31982421875
2023-09-18,177.06396484375,265.279998779297,43.9526977539062,139.979995727539,326.608428955078,301.641784667969,137.868621826172,370.429992675781,113.654975891113,31.7662620544434,4453.52978515625
2023-09-19,178.158340454102,266.5,43.5068359375,137.630004882812,326.201477050781,304.154235839844,137.699020385742,370.480010986328,113.355484008789,32.0967674255371,4443.9501953125
2023-09-20,174.596572875977,262.589996337891,42.2262268066406,135.289993286133,318.380218505859,298.770446777344,133.409652709961,366.820007324219,112.456985473633,31.7473735809326,4402.2001953125
2023-09-21,173.044494628906,255.699996948242,41.0045928955078,129.330001831055,317.149475097656,294.842254638672,130.117813110352,363.279998779297,110.872543334961,31.020263671875,4330
2023-09-22,173.900115966797,244.880004882812,41.597412109375,129.119995117188,314.648223876953,298.182220458984,129.928268432617,360.160003662109,111.046447753906,30.8691749572754,4320.06005859375
2023-09-25,175.183563232422,246.990005493164,42.209228515625,131.270004272461,315.174285888672,299.926940917969,130.786148071289,361.709991455078,112.292747497559,31.1430225372314,4337.43994140625
2023-09-26,171.084548950195,244.119995117188,41.898323059082,125.980003356934,309.814544677734,298.062530517578,128.25244140625,359.420013427734,112.466651916504,30.595329284668,4273.52978515625
2023-09-27,169.562316894531,240.5,42.4551544189453,125.980003356934,310.459655761719,296.84619140625,130.217559814453,357.779998779297,116.128257751465,30.3120384216309,4274.509765625
2023-09-28,169.821014404297,246.380004882812,43.0759658813477,125.980003356934,311.303344726562,303.047546386719,131.983184814453,357.059997558594,115.422988891602,30.3025951385498,4299.7001953125
2023-09-29,170.338363647461,250.220001220703,43.4858474731445,127.120002746582,313.397613525391,299.308807373047,130.536773681641,350.299987792969,113.597015380859,31.3224391937256,4288.0498046875
2023-10-02,172.865432739258,251.600006103516,44.7684555053711,129.460006713867,319.402557373047,305.898986816406,133.838592529297,348.079986572266,111.713066101074,32.0495529174805,4288.39013671875
2023-10-03,171.52229309082,246.529998779297,43.503833770752,124.720001220703,311.055206298828,300.036651611328,132.102890014648,343.040008544922,111.906295776367,32.0117835998535,4229.4501953125
2023-10-04,172.77587890625,261.160003662109,44.0276794433594,127,316.583709716797,304.662719726562,134.905960083008,343.690002441406,107.72297668457,31.4546451568604,4263.75
2023-10-05,174.019515991211,260.049987792969,44.6744842529297,125.959999084473,316.980712890625,303.875061035156,134.736373901367,345.059997558594,105.297996520996,31.60573387146,4258.18994140625
2023-10-06,176.586395263672,260.529998779297,45.748161315918,127.959999084473,324.821899414062,314.483123779297,137.240173339844,346.339996337891,103.539642333984,31.2846717834473,4308.5
2023-10-09,178.078750610352,259.670013427734,45.2593040466309,128.259994506836,327.362823486328,317.404327392578,138.078094482422,345.450012207031,107.162612915039,31.3507690429688,4335.66015625
2023-10-10,177.481811523438,263.619995117188,45.7841491699219,129.479995727539,325.943481445312,320.873901367188,137.718994140625,348.559997558594,106.708541870117,31.3224391937256,4358.240234375
2023-10-11,178.884628295898,262.989990234375,46.7918395996094,131.830001831055,329.943450927734,326.8359375,140.202850341797,348.429992675781,102.882690429688,31.2657833099365,4376.9501953125
2023-10-12,179.789993286133,258.869995117188,46.9307975769043,132.330001831055,328.692840576172,323.186920166016,138.626739501953,345.660003662109,102.86336517334,31.0863628387451,4349.60986328125
2023-10-13,177.939483642578,251.119995117188,45.4472465515137,129.789993286133,325.288391113281,313.745361328125,137.020706176758,345.089996337891,106.14818572998,30.3214817047119,4327.77978515625
2023-10-16,177.810119628906,253.919998168945,46.0810585021973,132.550003051758,330.161804199219,320.185943603516,138.756423950195,346.230010986328,106.225471496582,31.4168701171875,4373.6298828125
2023-10-17,176.248107910156,254.850006103516,43.9247131347656,131.470001220703,329.586090087891,323.027374267578,139.374893188477,345.390014648438,107.61669921875,30.9258365631104,4373.2001953125
2023-10-18,174.944793701172,242.679992675781,42.1832389831543,128.130004882812,327.650634765625,316.018524169922,137.619232177734,340.890014648438,109.123847961426,29.660472869873,4314.60009765625
2023-10-19,174.56672668457,220.110000610352,42.0882682800293,128.399993896484,328.851623535156,311.871002197266,137.409744262695,338.660003662109,109.191474914551,29.4527244567871,4278
2023-10-20,171.999877929688,211.990005493164,41.3744812011719,125.169998168945,324.236297607422,307.723480224609,135.265075683594,335.859985351562,107.317192077637,28.9428024291992,4224.16015625
2023-10-23,172.119247436523,212.080001831055,42.9620018005371,126.559997558594,326.866546630859,313.0673828125,136.162841796875,336.839996337891,105.742408752441,29.122220993042,4217.0400390625
2023-10-24,172.557006835938,216.520004272461,43.6497917175293,128.559997558594,328.067535400391,311.611755371094,138.46711730957,338.630004882812,104.718315124512,28.7350559234619,4247.68017578125
2023-10-25,170.228927612305,212.419998168945,41.7663612365723,121.389999389648,338.131988525391,298.630859375,125.299736022949,336.899993896484,104.911544799805,29.018346786499,4186.77001953125
2023-10-26,166.04035949707,205.759994506836,40.3138046264648,119.569999694824,325.447204589844,287.484436035156,121.977958679199,336.160003662109,103.955070495605,29.4243965148926,4137.22998046875
2023-10-27,167.363571166992,207.300003051758,40.4877510070801,127.73999786377,327.352874755859,295.839263916016,121.868232727051,331.709991455078,101.97452545166,28.43288230896,4117.3701171875
2023-10-30,169.423034667969,197.360000610352,41.148551940918,132.710006713867,334.796966552734,301.75146484375,124.15258026123,337.410003662109,102.293350219727,28.8483715057373,4166.81982421875
2023-10-31,169.900604248047,200.839996337891,40.7676658630371,133.089996337891,335.591033935547,300.365600585938,123.77352142334,341.329986572266,102.264366149902,28.8578147888184,4193.7998046875
2023-11-01,173.084320068359,205.660003662109,42.3122024536133,137,343.491760253906,310.913879394531,126.137657165527,343.75,102.061477661133,28.8106021881104,4237.85986328125
2023-11-02,176.665985107422,218.509994506836,43.4928436279297,138.070007324219,345.724975585938,309.936798095703,127.175094604492,349.019989013672,105.413940429688,28.8011589050293,4317.77978515625
2023-11-03,175.75065612793,219.960006713867,44.9913902282715,138.600006103516,350.171569824219,313.655639648438,128.781127929688,351.809997558594,104.12899017334,29.5188274383545,4358.33984375
2023-11-06,178.317520141602,219.270004272461,45.7371597290039,139.740005493164,353.873809814453,314.851989746094,129.928268432617,346.630004882812,102.283683776855,29.4432830810547,4365.97998046875
2023-11-07,180.89436340332,222.179992675781,45.941104888916,142.710006713867,357.844024658203,317.862976074219,130.646499633789,346.170013427734,100.679916381836,29.5093841552734,4378.3798828125
2023-11-08,181.958892822266,222.110000610352,46.5599136352539,142.080001831055,360.494140625,318.820037841797,131.514343261719,346.299987792969,99.4432830810547,29.1033344268799,4382.77978515625
2023-11-09,181.481353759766,209.979995727539,46.9357986450195,140.600006103516,358.002807617188,319.587738037109,129.918304443359,348.179992675781,99.4722595214844,28.4047031402588,4347.35009765625
2023-11-10,185.695343017578,214.649993896484,48.3203773498535,143.559997558594,366.915924072266,327.783081054688,132.262496948242,350.559997558594,100.235496520996,28.2132949829102,4415.240234375
2023-11-13,184.10139465332,223.710006713867,48.6052932739258,142.589996337891,363.948181152344,328.201812744141,131.763717651367,350.010009765625,101.288566589355,27.7347774505615,4411.5498046875
2023-11-14,186.731414794922,237.410003662109,49.6409797668457,145.800003051758,367.511413574219,335.300476074219,133.289947509766,354.25,101.678565979004,28.0027465820312,4495.7001953125
2023-11-15,187.299255371094,242.839996337891,48.873218536377,143.199996948242,367.660614013672,331.711242675781,134.287475585938,356.790008544922,101.064346313477,28.8927879333496,4502.8798828125
2023-11-16,188.99284362793,233.589996337891,49.4650382995605,142.830001831055,374.125335693359,333.186828613281,136.591781616211,359.859985351562,99.8943862915039,28.4908351898193,4508.240234375
2023-11-17,188.972915649414,234.300003051758,49.2830924987793,145.179992675781,367.839660644531,334.034301757812,134.975769042969,358.929992675781,102.331787109375,28.6343898773193,4514.02001953125
2023-11-20,190.726257324219,235.600006103516,50.3937530517578,146.130004882812,375.388397216797,338.949493408203,135.913467407227,361.329986572266,101.88330078125,28.6918106079102,4547.3798828125
2023-11-21,189.919326782227,241.199996948242,49.9288940429688,143.899993896484,371.042144775391,335.968444824219,136.631683349609,361,101.844306945801,28.9980602264404,4538.18994140625
2023-11-22,190.586791992188,234.210006713867,48.7012634277344,146.710006713867,375.796173095703,340.464874267578,138.147918701172,361.799987792969,101.405578613281,29.0172004699707,4556.6201171875
2023-11-24,189.251861572266,235.449996948242,47.7615509033203,146.740005493164,375.37841796875,337.214691162109,136.35237121582,362.679992675781,101.951553344727,29.1894683837891,4559.33984375
2023-11-27,189.072525024414,236.080001831055,48.2274055480957,147.729995727539,376.552001953125,333.695281982422,136.07307434082,361.339996337891,101.356819152832,28.8449363708496,4550.43017578125
2023-11-28,189.680221557617,246.720001220703,47.8065338134766,147.029998779297,380.619812011719,337.972412109375,136.861099243164,360.049987792969,101.298332214355,28.4142723083496,4554.89013671875
2023-11-29,188.65412902832,244.139999389648,48.1254425048828,146.320007324219,376.790710449219,331.202789306641,134.65657043457,358.690002441406,99.7773818969727,28.7875137329102,4550.580078125
2023-11-30,189.231918334961,240.080001831055,46.7558517456055,146.089996337891,376.850402832031,326.167938232422,132.20263671875,360,100.167373657227,29.1607570648193,4567.7998046875
2023-12-01,190.517059326172,238.830001831055,46.7508506774902,147.029998779297,372.474304199219,323.844970703125,131.534301757812,357.070007324219,100.411109924316,27.6677875518799,4594.6298828125
2023-12-04,188.713882446289,235.580001831055,45.4962310791016,144.839996337891,367.133544921875,319.059356689453,128.950698852539,356.660003662109,99.8651351928711,28.0218906402588,4569.77978515625
2023-12-05,192.688812255859,238.720001220703,46.5560111999512,146.880004882812,370.4951171875,317.334564208984,130.666458129883,355.029998779297,97.9249725341797,27.8400535583496,4567.18017578125
2023-12-06,191.592987060547,239.369995117188,45.493236541748,144.520004272461,366.795349121094,316.4970703125,129.698852539062,352.380004882812,96.6282653808594,27.5529441833496,4549.33984375
2023-12-07,193.535598754883,242.639999389648,46.5860023498535,146.880004882812,368.933654785156,325.609588623047,136.591781616211,352.700012207031,95.9555511474609,27.3998184204102,4585.58984375
2023-12-08,194.970153808594,243.839996337891,47.4958076477051,147.419998168945,372.195861816406,331.751129150391,134.65657043457,353.079986572266,97.057258605957,27.5433731079102,4604.3701171875
2023-12-11,192.449722290039,239.740005493164,46.6169967651367,145.889999389648,369.28173828125,324.303558349609,132.960754394531,357.059997558594,97.1255111694336,27.4093894958496,4622.43994140625
2023-12-12,193.97395324707,237.009994506836,47.6467742919922,147.479995727539,372.345031738281,333.216735839844,132.192672729492,360.019989013672,95.5948181152344,27.3519668579102,4643.7001953125
2023-12-13,197.211654663086,239.289993286133,48.0776863098145,148.839996337891,372.335052490234,333.735168457031,132.242553710938,362.029998779297,96.4430313110352,25.5144653320312,4707.08984375
2023-12-14,197.361083984375,251.050003051758,48.3396224975586,147.419998168945,363.940948486328,332.169891357422,131.61408996582,358.119995117188,99.0364303588867,25.0072383880615,4719.5498046875
2023-12-15,196.823120117188,253.5,48.879508972168,149.970001220703,368.714874267578,333.914642333984,132.272476196289,356.5,98.3734512329102,25.4857540130615,4719.18994140625
2023-12-18,195.149475097656,252.080001831055,50.0662536621094,154.070007324219,370.624389648438,343.585479736328,135.464569091797,359.649993896484,99.1046752929688,25.8972797393799,4740.56005859375
2023-12-19,196.195510864258,257.220001220703,49.5933570861816,153.789993286133,371.231140136719,349.308227539062,136.312469482422,361.799987792969,100.411109924316,26.9500141143799,4768.3701171875
2023-12-20,194.093490600586,247.139999389648,48.1006736755371,152.119995117188,368.60546875,348.231536865234,137.998291015625,355.350006103516,98.7341766357422,26.4427871704102,4698.35009765625
2023-12-21,193.944030761719,254.5,48.9794921875,153.839996337891,371.509613037109,353.027069091797,140.073150634766,356.140014648438,99.1826705932617,27.0935668945312,4746.75
2023-12-22,192.868133544922,252.539993286133,48.8195266723633,153.419998168945,372.543914794922,352.329162597656,141.140518188477,356.470001220703,99.3581619262695,27.1797008514404,4754.6298828125
2023-12-26,192.320220947266,256.609985351562,49.268424987793,153.410003662109,372.623504638672,353.764831542969,141.170440673828,356.829986572266,99.5823974609375,27.1892700195312,4774.75
2023-12-27,192.419830322266,261.440002441406,49.4063949584961,153.339996337891,372.036712646484,356.755859375,140.02326965332,356.950012207031,99.1144180297852,27.3806781768799,4781.580078125
2023-12-28,192.848205566406,253.179992675781,49.5113754272461,153.380004882812,373.240112304688,357.244384765625,139.88362121582,357.570007324219,97.6812362670898,27.5529441833496,4783.35009765625
2023-12-29,191.802169799805,248.479995727539,49.5113754272461,151.940002441406,373.995971679688,352.897491455078,139.344955444336,356.660003662109,97.4764862060547,27.5529441833496,4769.830078125
2024-01-02,184.938217163086,248.419998168945,48.1576652526855,149.929992675781,368.854095458984,345.250518798828,137.828704833984,362.459991455078,99.7968978881836,28.4525527954102,4742.830078125
2024-01-03,183.553466796875,238.449996948242,47.5587921142578,148.470001220703,368.585571289062,343.435974121094,138.576858520508,366.75,100.635360717773,28.4525527954102,4704.81005859375
2024-01-04,181.222320556641,237.929992675781,47.9877052307129,144.570007324219,365.940002441406,346.078002929688,136.053100585938,363.679992675781,99.7578887939453,27.8400535583496,4688.68017578125
2024-01-05,180.495086669922,237.490005493164,49.0864639282227,145.240005493164,365.751068115234,350.893493652344,135.394744873047,365.589996337891,100.060127258301,28.2037239074707,4697.240234375
2024-01-08,184.858520507812,240.449996948242,52.2417869567871,149.100006103516,372.653350830078,357.583374023438,138.497055053711,368.179992675781,98.392951965332,28.3089981079102,4763.5400390625
2024-01-09,184.44010925293,234.960006713867,53.1286010742188,151.369995117188,373.747375488281,356.357025146484,140.601852416992,366.899993896484,97.1742477416992,28.1367321014404,4756.5
2024-01-10,185.48616027832,233.940002441406,54.3383369445801,153.729995727539,380.689392089844,369.357879638672,141.928558349609,367.920013427734,96.2187881469727,27.7443504333496,4783.4501953125
2024-01-11,184.888412475586,227.220001220703,54.8102378845215,155.179992675781,382.539306640625,368.560302734375,141.729064941406,363.339996337891,96.1992874145508,27.1797008514404,4780.240234375
2024-01-12,185.217163085938,218.889999389648,54.6982574462891,154.619995117188,386.358428955078,373.365844726562,142.297637939453,363.619995117188,97.4472351074219,27.4668102264404,4783.830078125
2024-01-16,182.935821533203,219.910003662109,56.3699035644531,153.160003662109,388.148620605469,366.35693359375,142.138046264648,361.100006103516,95.2438354492188,27.1031379699707,4765.97998046875
2024-01-17,181.989410400391,215.550003051758,56.0409736633301,151.710006713867,387.352966308594,367.264221191406,141.120574951172,359.290008544922,94.5516128540039,26.9404411315918,4739.2099609375
2024-01-18,187.916915893555,211.880004882812,57.0947494506836,153.5,391.729064941406,375.000915527344,143.125595092773,362.380004882812,94.3761215209961,26.883020401001,4780.93994140625
2024-01-19,190.835830688477,212.190002441406,59.4782371520996,155.339996337891,396.503021240234,382.298950195312,146.018447875977,366.989990234375,94.5223541259766,27.0648593902588,4839.81005859375
2024-01-22,193.157028198242,208.800003051758,59.6412010192871,154.779998779297,394.354736328125,380.633941650391,145.629409790039,368.059997558594,94.3956146240234,27.0935668945312,4850.43017578125
2024-01-23,194.442153930664,209.139999389648,59.8601570129395,156.020004272461,396.731719970703,384.043701171875,146.676803588867,372.140014648438,95.4583206176758,27.2084121704102,4864.60009765625
2024-01-24,193.764724731445,207.830001831055,61.3488349914551,156.869995117188,400.371856689453,389.527191162109,148.332702636719,376.589996337891,97.1060028076172,27.1127071380615,4868.5498046875
2024-01-25,193.435989379883,182.630004882812,61.6037750244141,157.75,402.669311523438,391.999725341797,151.494873046875,380.850006103516,99.5726470947266,26.6852779388428,4894.16015625
2024-01-26,191.692581176758,183.25,61.0179061889648,159.119995117188,401.734405517578,392.956878662109,151.814086914062,385.399993896484,100.420860290527,26.6852779388428,4890.97021484375
2024-01-29,191.005187988281,190.929992675781,62.4515953063965,161.259994506836,407.492919921875,399.816162109375,153.130813598633,383.179992675781,100.547607421875,26.6949920654297,4927.93017578125
2024-01-30,187.329147338867,191.589996337891,62.7605285644531,159,406.369049072266,398.859100341797,151.085891723633,387.149993896484,102.224533081055,26.2481327056885,4924.97021484375
2024-01-31,183.702911376953,187.289993286133,61.5137939453125,155.199996948242,395.418914794922,388.968902587891,139.753952026367,383.739990234375,100.235618591309,26.3064193725586,4845.64990234375
2024-02-01,186.153625488281,188.860000610352,63.0134773254395,159.279998779297,401.585235595703,393.594940185547,140.811340332031,386.440002441406,99.8261337280273,26.5104217529297,4906.18994140625
2024-02-02,185.147430419922,187.910003662109,66.1458053588867,171.809997558594,408.984802246094,473.564147949219,142.0283203125,390.75,99.4166641235352,26.1607036590576,4958.60986328125
2024-02-05,186.970504760742,181.059997558594,69.3171310424805,170.309997558594,403.445068359375,458.030914306641,143.325088500977,390.760009765625,99.0071792602539,25.8109874725342,4942.81005859375
2024-02-06,188.584381103516,185.100006103516,68.208366394043,169.149993896484,403.285888671875,453.355010986328,143.744079589844,393.739990234375,99.6896438598633,26.7144203186035,4954.22998046875
2024-02-07,188.693969726562,187.580001831055,70.0839538574219,170.529998779297,411.799377441406,468.180358886719,145.180511474609,397.660003662109,99.660400390625,26.7727069854736,4995.06005859375
2024-02-08,187.608093261719,189.559997558594,69.6260528564453,169.839996337891,411.859039306641,468.589141845703,145.549606323242,397.489990234375,101.366577148438,26.7824211120605,4997.91015625
2024-02-09,188.376159667969,193.570007324219,72.1175308227539,174.449996948242,418.264038085938,466.704803466797,148.631973266602,398.359985351562,99.2216567993164,26.7727069854736,5026.60986328125
2024-02-12,186.680419921875,188.130004882812,72.2324981689453,172.339996337891,413.002838134766,467.492431640625,147.165588378906,397.709991455078,100.586616516113,26.8698501586914,5021.83984375
2024-02-13,184.575714111328,184.020004272461,72.1125259399414,168.639999389648,404.111419677734,458.73876953125,144.781494140625,394.799987792969,99.7206649780273,26.1995620727539,4953.169921875
2024-02-14,183.687942504883,188.710006713867,73.8841552734375,170.979995727539,408.017303466797,471.859283447266,145.579528808594,398.679992675781,99.2286529541016,26.3355617523193,5000.6201171875
2024-02-15,183.398681640625,200.449996948242,72.6424026489258,169.800003051758,405.097839355469,482.577026367188,142.417358398438,403.450012207031,102.072479248047,26.7241363525391,5029.72998046875
2024-02-16,181.852554321289,199.949996948242,72.5974197387695,169.509994506836,402.606842041016,471.899169921875,140.172912597656,405.989990234375,102.072479248047,26.8309955596924,5005.56982421875
2024-02-20,181.104446411133,193.759994506836,69.4370956420898,167.080001831055,401.341400146484,470.333892822266,140.771423339844,407.149993896484,101.108139038086,26.8018493652344,4975.509765625
2024-02-21,181.862548828125,194.770004272461,67.4575271606445,168.589996337891,400.733581542969,467.120147705078,142.197891235352,409.25,103.174575805664,26.8795642852783,4981.7998046875
2024-02-22,183.90739440918,197.410003662109,78.5211563110352,174.580001831055,410.169525146484,485.184967041016,143.734085083008,415.160003662109,103.08602142334,26.7629928588867,5087.02978515625
2024-02-23,182.062042236328,191.970001220703,78.8000869750977,174.990005493164,408.8642578125,483.089050292969,143.604415893555,417.220001220703,102.180717468262,26.9669933319092,5088.7998046875
2024-02-26,180.705459594727,199.399993896484,79.0750350952148,174.729995727539,406.074340820312,480.803466796875,137.230209350586,409.140014648438,102.584167480469,26.4035625457764,5069.52978515625
2024-02-27,182.171768188477,199.729995727539,78.6841125488281,173.539993286133,406.014526367188,486.103149414062,138.536956787109,408.910003662109,102.367683410645,26.12184715271,5078.18017578125
2024-02-28,180.964797973633,202.039993286133,77.6463394165039,173.160003662109,406.253662109375,483.079040527344,136.04313659668,412.140014648438,102.653045654297,26.2675628662109,5069.759765625
2024-02-29,180.296478271484,201.880004882812,79.0950241088867,176.759994506836,412.152404785156,489.177185058594,138.118011474609,409.399993896484,102.849853515625,25.8012733459473,5096.27001953125
2024-03-01,179.209228515625,202.639999389648,82.261344909668,178.220001220703,414.005676269531,501.323516845703,136.801254272461,407.109985351562,104.14875793457,25.8304176330566,5137.080078125
2024-03-04,174.660659790039,188.139999389648,85.2187042236328,177.580001831055,413.427795410156,497.221496582031,133.020629882812,403.390014648438,102.692413330078,25.1504135131836,5130.9501953125
2024-03-05,169.693161010742,180.740005493164,85.9495849609375,174.119995117188,401.201873779297,489.266998291016,132.342300415039,400.739990234375,103.951957702637,25.3349857330322,5078.64990234375
2024-03-06,168.695648193359,176.539993286133,88.6851272583008,173.509994506836,400.643890380859,495.125579833984,131.075424194336,403.959991455078,105.063896179199,26.4132766723633,5104.759765625
2024-03-07,168.575958251953,178.649993896484,92.6534576416016,176.820007324219,407.668609619141,511.194305419922,134.048080444336,402.390014648438,105.654312133789,26.0247039794922,5157.35986328125
2024-03-08,170.301605224609,175.339996337891,87.5133285522461,175.350006103516,404.759063720703,504.966430664062,135.075531005859,403.149993896484,106.648178100586,26.442419052124,5123.68994140625
2024-03-11,172.316558837891,177.770004272461,85.7596206665039,171.960006713867,403.065155029297,482.649871826172,137.329940795898,404.760009765625,107.277946472168,27.5595703125,5117.93994140625
2024-03-12,172.795333862305,177.539993286133,91.8975982666016,175.389999389648,413.786468505859,498.778503417969,138.157897949219,404.980010986328,106.589134216309,27.2098522186279,5175.27001953125
2024-03-13,170.700622558594,169.479995727539,90.8727645874023,176.559997558594,413.607147216797,494.606597900391,139.444702148438,408.130004882812,107.779792785645,27.4138526916504,5165.31005859375
2024-03-14,172.565933227539,162.5,87.9292526245117,178.75,423.690734863281,490.873870849609,142.746536254883,406.730010986328,109.68879699707,27.3264236450195,5150.47998046875
2024-03-15,172.186874389648,163.570007324219,87.822265625,174.419998168945,414.922393798828,483.158905029297,140.831268310547,408.130004882812,109.491996765137,27.1418514251709,5117.08984375
2024-03-18,173.284118652344,173.800003051758,88.4401702880859,174.479995727539,415.819152832031,496.013885498047,147.315216064453,408.410003662109,110.50553894043,26.9281368255615,5149.419921875
2024-03-19,175.638198852539,171.320007324219,89.3830184936523,175.899993896484,419.894439697266,495.275299072266,146.66682434082,411.760009765625,111.282913208008,26.8407077789307,5178.509765625
2024-03-20,178.221710205078,175.660003662109,90.3568496704102,178.149993896484,423.700714111328,504.537231445312,148.372604370117,416.109985351562,111.184509277344,26.9087104797363,5224.6201171875
2024-03-21,170.940017700195,172.820007324219,91.4196701049805,178.149993896484,427.825805664062,506.772918701172,147.235427856445,413.779998779297,111.676513671875,26.8698501586914,5241.52978515625
2024-03-22,171.847732543945,170.830001831055,94.273193359375,178.869995117188,427.198059082031,508.58935546875,150.397598266602,411.600006103516,111.676513671875,26.5784206390381,5234.18017578125
2024-03-25,170.421325683594,172.630004882812,94.9860687255859,179.710006713867,421.339202880859,502.042083740234,149.699325561523,409.920013427734,112.817985534668,26.6464214324951,5218.18994140625
2024-03-26,169.284194946289,177.669998168945,92.5454788208008,178.300003051758,420.133544921875,494.925994873047,150.297836303711,411.570007324219,111.971725463867,26.8018493652344,5203.580078125
2024-03-27,172.875137329102,179.830001831055,90.23486328125,179.830001831055,419.914337158203,492.899932861328,150.497329711914,416.929992675781,113.132873535156,26.986421585083,5248.490234375
2024-03-28,171.049743652344,175.789993286133,90.3408508300781,180.380004882812,419.206909179688,484.636016845703,150.557189941406,420.519989013672,114.38257598877,26.9572792053223,5254.35009765625
2024-04-01,169.603378295898,175.220001220703,90.3478469848633,180.970001220703,423.043090820312,490.394805908203,155.105941772461,420.200012207031,115.120590209961,26.9281368255615,5243.77001953125
2024-04-02,168.416351318359,166.630004882812,89.4370040893555,180.690002441406,419.924346923828,496.403106689453,154.17822265625,418.920013427734,117.374000549316,26.7629928588867,5205.81005859375
2024-04-03,169.224319458008,168.380004882812,88.9490814208984,182.410003662109,418.937896728516,505.7548828125,154.537338256836,420.239990234375,117.393684387207,26.442419052124,5211.490234375
2024-04-04,168.396423339844,171.110000610352,85.8905944824219,180,416.377136230469,509.926788330078,150.158187866211,415.320007324219,117.806968688965,25.8887023925781,5147.2099609375
2024-04-05,169.154495239258,164.899993896484,87.9932479858398,185.070007324219,423.989654541016,526.314819335938,152.123321533203,418.619995117188,119.430610656738,25.898416519165,5204.33984375
2024-04-08,168.02734375,172.979995727539,87.1183929443359,185.190002441406,423.06298828125,518.240600585938,154.467514038086,415.970001220703,118.623710632324,25.8207035064697,5202.39013671875
2024-04-09,169.244277954102,176.880004882812,85.3396835327148,185.669998168945,424.746917724609,515.895141601562,156.213195800781,414.690002441406,119.243637084961,26.0149898529053,5209.91015625
2024-04-10,167.359024047852,171.759994506836,87.0244064331055,185.949996948242,421.73779296875,518.819458007812,155.754318237305,409.109985351562,120.247337341309,25.5681304931641,5160.64013671875
2024-04-11,174.600799560547,174.600006103516,90.6008071899414,189.050003051758,426.390991210938,522.142944335938,159.016250610352,407.609985351562,119.843894958496,25.5875587463379,5199.06005859375
2024-04-12,176.107025146484,171.050003051758,88.1712112426758,186.130004882812,420.382690429688,510.904846191406,157.340393066406,403.260009765625,118.446586608887,25.1212711334229,5123.41015625
2024-04-15,172.256698608398,161.479995727539,85.9865798950195,183.619995117188,412.152404785156,499.257568359375,154.477493286133,400.260009765625,117.767608642578,25.1698417663574,5061.81982421875
2024-04-16,168.955017089844,157.110000610352,87.4003448486328,183.320007324219,413.088989257812,498.788452148438,154.018615722656,396.920013427734,116.793434143066,24.956127166748,5051.41015625
2024-04-17,167.578475952148,155.449996948242,84.0209121704102,181.279998779297,410.358856201172,493.209350585938,155.085983276367,397.739990234375,116.734382629395,24.6938400268555,5022.2099609375
2024-04-18,166.620880126953,149.929992675781,84.6568069458008,179.220001220703,402.816070556641,500.824493408203,155.624633789062,399.890014648438,116.626136779785,24.6646957397461,5011.1201171875
2024-04-19,164.585998535156,147.050003051758,76.1872253417969,174.630004882812,397.684600830078,480.134796142578,153.709381103516,405.079986572266,117.964408874512,25.2572708129883,4967.22998046875
2024-04-22,165.423873901367,142.050003051758,79.5046691894531,177.229995727539,399.517974853516,480.793518066406,155.893981933594,408.779998779297,118.633544921875,25.5098438262939,5010.60009765625
2024-04-23,166.481216430664,144.679992675781,82.4091796875,179.539993286133,406.104217529297,495.135589599609,157.869079589844,408.739990234375,119.096038818359,25.5681304931641,5070.5498046875
2024-04-24,168.595916748047,162.130004882812,79.6636428833008,176.589996337891,407.588836669922,492.540649414062,158.736953735352,405.950012207031,119.11572265625,25.5195579528809,5071.6298828125
2024-04-25,169.463729858398,170.179992675781,82.6181488037109,173.669998168945,397.604888916016,440.521942138672,155.614669799805,404.910003662109,119.391250610352,24.5384101867676,5048.419921875
2024-04-26,168.875213623047,168.289993286133,87.7202911376953,179.619995117188,404.858734130859,442.428253173828,171.525283813477,402.100006103516,116.075096130371,24.6744117736816,5099.9599609375
2024-04-29,173.064666748047,194.050003051758,87.7422866821289,180.960006713867,400.803344726562,431.778961181641,165.739593505859,400.959991455078,117.728248596191,24.9075546264648,5116.169921875
2024-04-30,169.902633666992,183.279998779297,86.3875122070312,175,387.929779052734,429.333770751953,162.3779296875,396.730010986328,116.38013458252,24.888126373291,5035.68994140625
2024-05-01,168.875213623047,179.990005493164,83.0270767211914,179,393.519622802734,438.336212158203,163.45524597168,398.579986572266,114.175933837891,26.4035625457764,5018.39013671875
2024-05-02,172.595840454102,180.009994506836,85.8026123046875,184.720001220703,396.409210205078,440.821350097656,166.208435058594,400.600006103516,114.38257598877,26.9087104797363,5064.2001953125
2024-05-03,182.919876098633,181.190002441406,88.7741165161133,186.210006713867,405.197479248047,451.081359863281,166.826904296875,400.869995117188,114.146415710449,27.0155658721924,5127.7900390625
2024-05-06,181.254089355469,184.759994506836,92.1245498657227,188.699996948242,412.052764892578,464.774719238281,167.684799194336,404.920013427734,114.884429931641,27.3555679321289,5180.740234375
2024-05-07,181.942321777344,177.809997558594,90.538818359375,188.759994506836,407.867858886719,467.329742431641,170.826995849609,406.140014648438,114.313697814941,26.9767074584961,5187.7001953125
2024-05-08,182.281494140625,174.720001220703,90.396842956543,188,409.063537597656,471.681243896484,168.961639404297,406.369995117188,114.294013977051,27.4624252319336,5187.669921875
2024-05-09,184.106903076172,171.970001220703,88.7321243286133,189.5,410.837127685547,474.495788574219,169.540191650391,408.820007324219,116.547424316406,27.7878341674805,5214.080078125
2024-05-10,182.838363647461,168.470001220703,89.862922668457,187.479995727539,413.248413085938,475.274261474609,168.233428955078,412.049987792969,116.075096130371,27.6201992034912,5222.68017578125
2024-05-13,186.064636230469,171.889999389648,90.3838500976562,186.570007324219,412.232086181641,467.100189208984,168.722213745117,411.220001220703,116.025901794434,28.0442161560059,5221.419921875
2024-05-14,187.213302612305,177.550003051758,91.340690612793,187.070007324219,415.061889648438,470.932739257812,169.919250488281,410.239990234375,116.730224609375,27.9850482940674,5246.68017578125
2024-05-15,189.50065612793,173.990005493164,94.614128112793,185.990005493164,422.318786621094,480.603881835938,172.083892822266,412.760009765625,117.632957458496,28.4189262390137,5308.14990234375
2024-05-16,189.620513916016,174.839996337891,94.3431777954102,183.630004882812,420.232574462891,472.31005859375,173.749755859375,413.119995117188,116.92862701416,28.5175342559814,5297.10009765625
2024-05-17,189.650482177734,177.460006713867,92.4634857177734,184.699996948242,419.453948974609,470.992614746094,175.625122070312,416.940002441406,118.68448638916,28.2414302825928,5303.27001953125
2024-05-20,190.819122314453,174.949996948242,94.7641067504883,183.539993286133,424.574737548828,467.928558349609,176.483001708984,413,117.722236633301,28.132963180542,5308.1298828125
2024-05-21,192.127624511719,186.600006103516,95.3700103759766,183.149993896484,428.268096923828,463.726745605469,177.410705566406,414.369995117188,116.908782958984,28.1625442504883,5321.41015625
2024-05-22,190.679290771484,180.110000610352,94.93408203125,183.130004882812,429.745422363281,466.870635986328,175.9443359375,413.989990234375,114.557716369629,29.1880722045898,5307.009765625
2024-05-23,186.663940429688,173.740005493164,103.781600952148,181.050003051758,426.231750488281,464.87451171875,173.121322631836,405.880004882812,112.603446960449,28.2907371520996,5267.83984375
2024-05-24,189.760345458984,179.240005493164,106.451148986816,180.75,429.386077880859,477.290344238281,174.557769775391,407.410003662109,112.514167785645,28.4780902862549,5304.72021484375
2024-05-28,189.770355224609,176.75,113.881904602051,182.149993896484,429.545776367188,478.987060546875,175.964279174805,403.899993896484,113.942665100098,27.9061622619629,5306.0400390625
2024-05-29,190.06999206543,176.190002441406,114.80574798584,182.020004272461,428.397857666016,473.437835693359,175.465515136719,404.089996337891,112.72248840332,27.4328422546387,5266.9501953125
2024-05-30,191.068832397461,178.789993286133,110.481475830078,179.320007324219,413.923950195312,466.142028808594,171.68489074707,408.609985351562,113.079612731934,27.8075561523438,5235.47998046875
2024-05-31,192.027725219727,178.080001831055,109.614624023438,176.440002441406,414.383117675781,465.922485351562,172.073913574219,414.399993896484,116.323501586914,28.2611522674561,5277.509765625
2024-06-03,193.8056640625,176.289993286133,114.98072052002,178.339996337891,412.776000976562,476.561737060547,172.742263793945,414.790008544922,113.535934448242,28.9021072387695,5283.39990234375
2024-06-04,194.125305175781,174.770004272461,116.41748046875,179.339996337891,415.321441650391,476.062713623047,173.360717773438,409.529998779297,111.770156860352,29.0796031951904,5291.33984375
2024-06-05,195.643539428711,175,122.419471740723,181.279998779297,423.247131347656,494.097595214844,174.976745605469,409.850006103516,112.216567993164,29.1387672424316,5354.02978515625
2024-06-06,194.255142211914,177.940002441406,120.97770690918,185,423.756195068359,492.800140380859,176.29345703125,411.079986572266,113.059776306152,28.3992042541504,5352.9599609375
2024-06-07,196.662368774414,177.479995727539,120.867736816406,184.300003051758,423.087432861328,492.001678466797,174.029083251953,413.720001220703,111.849517822266,28.1822662353516,5346.990234375
2024-06-10,192.896713256836,173.789993286133,121.769584655762,187.059997558594,427.100189208984,501.622955322266,174.778076171875,410.809997558594,112.176879882812,27.6793632507324,5360.7900390625
2024-06-11,206.910491943359,170.660003662109,120.899658203125,187.229995727539,431.901519775391,506.483459472656,176.385940551758,408.5,111.274147033691,27.6399211883545,5375.31982421875
2024-06-12,212.823669433594,177.289993286133,125.18928527832,186.889999389648,440.266448974609,507.850799560547,177.554382324219,408.769989013672,110.044052124023,27.2750701904297,5421.02978515625
2024-06-13,213.992309570312,182.470001220703,129.598907470703,183.830001831055,440.785522460938,503.120025634766,174.927886962891,405.920013427734,109.161163330078,27.265209197998,5433.740234375
2024-06-14,212.244338989258,178.009994506836,131.868728637695,183.660003662109,441.773742675781,503.679504394531,176.555709838867,405.540008544922,108.238586425781,27.146879196167,5431.60009765625
2024-06-17,216.419494628906,187.440002441406,130.968795776367,184.059997558594,447.563293457031,506.147155761719,177.005126953125,407.320007324219,107.494575500488,26.6045322418213,5473.22998046875
2024-06-18,214.042236328125,184.860000610352,135.568405151367,182.809997558594,445.536956787109,499.013946533203,174.857971191406,407.950012207031,108.50643157959,27.0285491943359,5487.02978515625
2024-06-20,209.437576293945,181.570007324219,130.768814086914,186.100006103516,444.898132324219,501.221862792969,176.066375732422,409.149993896484,110.847579956055,27.3539562225342,5473.169921875
2024-06-21,207.250122070312,183.009994506836,126.559173583984,189.080001831055,448.970764160156,494.308441162109,179.391967773438,409.619995117188,109.875411987305,27.3539562225342,5464.6201171875
2024-06-24,207.899353027344,182.580001831055,118.099899291992,185.570007324219,446.864593505859,498.434509277344,178.982498168945,413.980010986328,113.139137268066,27.9653282165527,5447.8701171875
2024-06-25,208.82829284668,187.350006103516,126.079208374023,186.339996337891,450.138671875,510.113372802734,183.786117553711,410.970001220703,113.456581115723,27.6004772186279,5469.2998046875
2024-06-26,213.003448486328,196.369995117188,126.389190673828,193.610000610352,451.346496582031,512.630981445312,183.636322021484,410.260009765625,113.49626159668,27.0384101867676,5477.89990234375
2024-06-27,213.852478027344,197.419998168945,123.979393005371,197.850006103516,452.035247802734,519.064819335938,185.164306640625,407.950012207031,113.982345581055,27.4131202697754,5482.8701171875
2024-06-28,210.376480102539,197.880004882812,123.529434204102,193.25,446.145874023438,503.739440917969,181.908615112305,406.799987792969,114.200592041016,27.5906162261963,5460.47998046875
2024-07-01,216.499404907227,209.860000610352,124.289367675781,197.199996948242,455.908264160156,504.199005126953,182.747512817383,405.190002441406,114.041862487793,27.8272762298584,5475.08984375
2024-07-02,220.015335083008,231.259994506836,122.659507751465,200,458.453674316406,509.014404296875,184.994522094727,407.100006103516,113.268096923828,27.4427032470703,5509.009765625
2024-07-03,221.293853759766,246.389999389648,128.269027709961,197.589996337891,459.940979003906,509.473968505859,185.573760986328,405.769989013672,113.843467712402,27.3145141601562,5537.02001953125
2024-07-05,226.078308105469,251.520004272461,125.819236755371,200,466.718780517578,539.395385742188,190.347427368164,411.170013427734,112.464569091797,27.6596412658691,5567.18994140625
2024-07-08,227.556610107422,252.940002441406,128.189025878906,199.289993286133,465.401153564453,528.815551757812,188.779495239258,409.079986572266,111.284072875977,27.5413131713867,5572.85009765625
2024-07-09,228.415603637695,262.329986572266,131.368774414062,199.339996337891,458.713226318359,529.494873046875,188.729568481445,410.519989013672,110.053977966309,27.3342342376709,5576.97998046875
2024-07-10,232.710632324219,263.260009765625,134.898468017578,199.789993286133,465.4111328125,534.180419921875,190.926635742188,413.790008544922,111.026145935059,27.9554672241211,5633.91015625
2024-07-11,227.306900024414,241.029998779297,127.389106750488,195.050003051758,453.881927490234,512.211364746094,185.324096679688,418.779998779297,112.345520019531,28.2611522674561,5584.5400390625
2024-07-12,230.273452758789,248.229995727539,129.228958129883,194.490005493164,452.733978271484,498.39453125,184.824752807617,424.440002441406,112.365364074707,28.5175342559814,5615.35009765625
2024-07-15,234.128997802734,252.639999389648,128.429016113281,192.720001220703,453.143249511719,495.687133789062,186.282806396484,434.420013427734,114.28987121582,28.6950302124023,5631.22021484375
2024-07-16,234.548522949219,256.559997558594,126.349189758301,193.020004272461,448.711242675781,489.323211669922,183.67626953125,438.899993896484,115.113243103027,29.0894641876221,5667.2001953125
2024-07-17,228.615386962891,248.5,117.979904174805,187.929992675781,442.722015380859,461.549682617188,180.780120849609,445.609985351562,116.700462341309,29.6120891571045,5588.27001953125
2024-07-18,223.920806884766,249.229995727539,121.079635620117,183.75,439.577697753906,475.396484375,177.454528808594,441.820007324219,117.851203918457,29.2965393066406,5544.58984375
2024-07-19,224.050659179688,239.199996948242,117.919914245605,183.130004882812,436.323547363281,476.335601806641,177.424575805664,434.470001220703,115.142997741699,29.552921295166,5505
2024-07-22,223.701080322266,251.509994506836,123.529434204102,182.550003051758,442.14306640625,486.935455322266,181.429244995117,435.980010986328,114.349388122559,29.1880722045898,5564.41015625
2024-07-23,224.749847412109,246.380004882812,122.579513549805,186.410003662109,444.049652099609,488.224243164062,181.549087524414,434.010009765625,112.504249572754,29.0894641876221,5555.740234375
2024-07-24,218.287322998047,215.990005493164,114.240226745605,180.830001831055,428.128326416016,460.830352783203,172.401229858398,432.799987792969,114.091468811035,29.5627822875977,5427.1298828125
2024-07-25,217.238555908203,220.25,112.270393371582,179.850006103516,417.647216796875,452.977874755859,167.058319091797,433.290008544922,116.492141723633,29.7600002288818,5399.22021484375
2024-07-26,217.7080078125,219.800003051758,113.050323486328,182.5,424.504852294922,465.256164550781,166.778686523438,437.660003662109,116.392936706543,30.7700004577637,5459.10009765625
2024-07-29,217.987686157227,232.100006103516,111.580451965332,183.199996948242,425.962249755859,465.266143798828,169.30534362793,438.309997558594,115.172760009766,30.7199993133545,5463.5400390625
2024-07-30,218.54704284668,222.619995117188,103.721130371094,181.710006713867,422.159118652344,462.74853515625,170.064331054688,441.260009765625,117.226226806641,31.3899993896484,5436.43994140625
2024-07-31,221.8232421875,232.070007324219,117.009986877441,186.979995727539,417.597320556641,474.37744140625,171.31266784668,438.5,117.642875671387,30.5400009155273,5522.2998046875
2024-08-01,218.107543945312,216.860000610352,109.200660705566,184.070007324219,416.359527587891,497.265594482422,170.533706665039,431.809997558594,116.015968322754,30.6499996185303,5446.68017578125
2024-08-02,219.605804443359,207.669998168945,107.260818481445,167.899993896484,407.755035400391,487.674774169922,166.439147949219,428.359985351562,115.946533203125,30.4300003051758,5346.56005859375
2024-08-05,209.028060913086,198.880004882812,100.44140625,161.020004272461,394.439056396484,475.276611328125,159.038970947266,413.720001220703,113.853378295898,29.7399997711182,5186.330078125
2024-08-06,206.99040222168,200.639999389648,104.241081237793,161.929992675781,398.891021728516,493.619079589844,158.080230712891,422.140014648438,113.248260498047,29.3199996948242,5240.02978515625
2024-08-07,209.577423095703,191.759994506836,98.9015426635742,162.770004272461,397.713165283203,488.454040527344,158.729370117188,427.019989013672,114.756118774414,28.8500003814697,5199.5
2024-08-08,213.063385009766,198.839996337891,104.96102142334,165.800003051758,401.965484619141,509.144287109375,161.815277099609,431.540008544922,116.948463439941,28.7600002288818,5319.31005859375
2024-08-09,215.990005493164,200,104.74104309082,166.940002441406,405.289489746094,517.276550292969,163.453109741211,431.670013427734,117.90079498291,28.5499992370605,5344.16015625
2024-08-12,217.529998779297,197.490005493164,109.010673522949,166.800003051758,406.078063964844,515.458251953125,162.074920654297,430.390014648438,118.049598693848,28.4500007629395,5344.39013671875
2024-08-13,221.270004272461,207.830001831055,116.130065917969,170.229995727539,413.26513671875,528.036254882812,163.942459106445,432.410003662109,116.91870880127,28.8500003814697,5434.43017578125
2024-08-14,221.720001220703,201.380004882812,118.069900512695,170.100006103516,416.109985351562,526.257995605469,160.157470703125,438.470001220703,118,28.8799991607666,5455.2099609375
2024-08-15,224.720001220703,214.139999389648,122.849494934082,177.589996337891,421.029998779297,536.81787109375,161.086242675781,440.839996337891,118.730003356934,28.7099990844727,5543.22021484375
2024-08-16,226.050003051758,216.119995117188,124.569343566895,177.059997558594,418.470001220703,526.917297363281,162.744049072266,444.510009765625,118.169998168945,28.2999992370605,5554.25
2024-08-19,225.889999389648,222.720001220703,129.988876342773,178.220001220703,421.529998779297,528.775573730469,166.449127197266,448.769989013672,118.529998779297,28.7999992370605,5608.25
2024-08-20,226.509994506836,221.100006103516,127.239112854004,178.880004882812,424.799987792969,526.227966308594,166.958450317383,448.359985351562,114.580001831055,28.8999996185303,5597.1201171875
2024-08-21,226.399993896484,223.270004272461,128.489013671875,180.110000610352,424.140014648438,534.64990234375,165.630218505859,446.600006103516,113.849998474121,29.0300006866455,5620.85009765625
2024-08-22,224.529998779297,210.660003662109,123.729415893555,176.130004882812,415.549987792969,531.423034667969,163.582931518555,449.029998779297,114.730003356934,28.7800006866455,5570.64013671875
2024-08-23,226.839996337891,220.320007324219,129.358932495117,177.039993286133,416.790008544922,527.496765136719,165.400512695312,453.380004882812,116.319999694824,28.8999996185303,5634.60986328125
2024-08-26,227.179992675781,213.210006713867,126.449180603027,175.5,413.489990234375,520.623352050781,165.939804077148,454.489990234375,118.809997558594,28.9200000762939,5616.83984375
2024-08-27,228.029998779297,209.210006713867,128.289031982422,173.119995117188,413.839996337891,518.605224609375,164.461761474609,460.630004882812,117.680000305176,28.8199996948242,5625.7998046875
2024-08-28,226.490005493164,205.75,125.599258422852,170.800003051758,410.600006103516,516.287475585938,162.634201049805,464.589996337891,116.519996643066,28.75,5592.18017578125
2024-08-29,229.789993286133,206.279998779297,117.579940795898,172.119995117188,413.119995117188,517.72607421875,161.565612792969,468.369995117188,118.129997253418,28.7199993133545,5591.9599609375
2024-08-30,229,214.110000610352,119.359794616699,178.5,417.140014648438,520.813171386719,163.163497924805,475.920013427734,117.940002441406,29.0100002288818,5648.39990234375
